commit,parents,subject,disposition,changed_paths
51a48a5bb7863fbeab791358bee8dff22c3ce83f,1a536b09fbb59fec3ded9aa9d8e34bd27b624752,Release 2026-10-02,Release metadata: oracle/types pinned at final release; compatibility date not advanced.,src/workerd/io/maximum-compatibility-date.txt;src/workerd/io/release-version.txt
1a536b09fbb59fec3ded9aa9d8e34bd27b624752,10e79b8b3ebd1161d308a78ee65585e818b44f59,remove v8 nightly (#7512),"Build, dependency, release tooling or documentation: no local runtime behavior port.",.gitignore;build/deps/deps.jsonc;build/deps/gen/deps.MODULE.bazel;cfsetup.yaml;ci/build.yml;ci/v8_nightly.py;ci/v8_nightly_shared.py;ci/v8_update.py;templates/v8-nightly.yml
10e79b8b3ebd1161d308a78ee65585e818b44f59,1163f12d4284b008ddfb1534169fdd8675426f21 42a71fe42268ef9af0ce489a22e21eb1eb33f85f,Merge pull request #7585 from frostzt/STOR-5691-prepare-sql-query-metrics,Merge topology: component commits are indexed separately; final endpoint diff reviewed.,
1163f12d4284b008ddfb1534169fdd8675426f21,54f4cafbcfcce802bcfba68d7180d1e4bb56a9d4 11e134214c32a734004369a7ec92d92e6e5fbb9f,Merge pull request #7559 from cloudflare/mar/sandbox-user-tracing,Merge topology: component commits are indexed separately; final endpoint diff reviewed.,
11e134214c32a734004369a7ec92d92e6e5fbb9f,cb26acc62e64f64487a78e3f73d0a08e9926c690,Accept an explicit onset parent span,Native observability/lifetime or tests: local public no-op tracing handled separately; no observer delivery backend.,src/workerd/io/tracer.c++;src/workerd/io/tracer.h
42a71fe42268ef9af0ce489a22e21eb1eb33f85f,1e56ae03c2bbaa20c6686f91690b4339837a9e63,Report SQLite query events on prepare failures,Native observability: query preparation failure events; no SqliteObserver event sink in local seam.,src/workerd/util/sqlite-test.c++;src/workerd/util/sqlite.c++
54f4cafbcfcce802bcfba68d7180d1e4bb56a9d4,00462aa5c75addf0c865f28a00393f0d4a761ded,Restore the C++ exception boundary in console.* decorators,Native exception boundary for console formatting; local console belongs to JavaScript host.,src/workerd/api/tests/BUILD.bazel;src/workerd/api/tests/console-format-throw-test.js;src/workerd/api/tests/console-format-throw-test.wd-test;src/workerd/io/worker.c++
00462aa5c75addf0c865f28a00393f0d4a761ded,edb99f4d78e3eebc409ec814743c55676c48d9d5 3ae442691007c6db563879c28560c4474b470e4e,Merge pull request #7272 from cloudflare/workflows-create-batch-overload,Merge topology: component commits are indexed separately; final endpoint diff reviewed.,
1e56ae03c2bbaa20c6686f91690b4339837a9e63,edb99f4d78e3eebc409ec814743c55676c48d9d5,Document missing SQLite query events on prepare failures,Native observability regression documents missing SQL prepare events; fixed by 42a71fe42.,src/workerd/util/sqlite-test.c++
edb99f4d78e3eebc409ec814743c55676c48d9d5,a3a28c437b9bc50aac2a0d70af9cf22523019fc7,Reject resolver when startTls support is missing,Host TCP/UDP/TLS transport or tests: no local cloudflare:sockets/connect event substrate.,src/workerd/api/sockets.c++
a3a28c437b9bc50aac2a0d70af9cf22523019fc7,c60cd2b85b45755ba6e6d55bcc21100f214fe45b,Prepare TLS changes,Host TCP/UDP/TLS transport or tests: no local cloudflare:sockets/connect event substrate.,src/workerd/api/sockets.c++;src/workerd/io/worker-entrypoint.c++
c60cd2b85b45755ba6e6d55bcc21100f214fe45b,402f058c655b01fa58ba1ed711061cf3bc7d896b,[nfc] Deduplicate starttls-server.pem,"Host Python interpreter/packages/tests: execution belongs to isolate channel, not local Worker Loader.",src/workerd/api/tests/BUILD.bazel;src/workerd/api/tests/http-socket-server.js;src/workerd/api/tests/starttls-nodejs-server.js;src/workerd/server/tests/python/BUILD.bazel;src/workerd/server/tests/python/sockets/sockets.wd-test;src/workerd/server/tests/python/sockets/starttls-server.pem
402f058c655b01fa58ba1ed711061cf3bc7d896b,ad7b9d4610fef1a470b006f82748896935e8102f,Release 2026-10-01,Release metadata: oracle/types pinned at final release; compatibility date not advanced.,src/workerd/io/maximum-compatibility-date.txt;src/workerd/io/release-version.txt
ad7b9d4610fef1a470b006f82748896935e8102f,d7556d157ae8241aa915f8a2c9f91e483c7513d5,[build] Update buildifier,"Build, dependency, release tooling or documentation: no local runtime behavior port.",build/deps/gen/shared_deps.MODULE.bazel;build/deps/shared_deps.jsonc
d7556d157ae8241aa915f8a2c9f91e483c7513d5,d99bc6b777e35d72d71c2f1fe2fd1db53284528a,[build] 09-30-26 update deps,"Build, dependency, release tooling or documentation: no local runtime behavior port.",build/deps/build_deps.jsonc;build/deps/gen/build_deps.MODULE.bazel;build/deps/gen/deps.MODULE.bazel
3ae442691007c6db563879c28560c4474b470e4e,beabc3d7137c58c5b6b705a551be7a2693b89f0e,workflows: clarify createBatch deprecation,Separate Workflows service/types: no local engine; ambient contract comes from updated Workers types.,src/cloudflare/internal/workflows.d.ts;types/defines/workflows.d.ts;types/generated-snapshot/experimental/index.d.ts;types/generated-snapshot/experimental/index.ts;types/generated-snapshot/index.d.ts;types/generated-snapshot/index.ts
beabc3d7137c58c5b6b705a551be7a2693b89f0e,d99bc6b777e35d72d71c2f1fe2fd1db53284528a,workflows: add createBatch object overload,Separate Workflows service/types: no local engine; ambient contract comes from updated Workers types.,src/cloudflare/internal/test/workflows/workflows-api-test.js;src/cloudflare/internal/test/workflows/workflows-mock.js;src/cloudflare/internal/workflows-api.ts;src/cloudflare/internal/workflows.d.ts;types/defines/workflows.d.ts;types/generated-snapshot/experimental/index.d.ts;types/generated-snapshot/experimental/index.ts;types/generated-snapshot/index.d.ts;types/generated-snapshot/index.ts;types/test/types/rpc.ts
d99bc6b777e35d72d71c2f1fe2fd1db53284528a,cb26acc62e64f64487a78e3f73d0a08e9926c690,Fix spurious unhandled rejections from Durable Object fetch retries (#7584),"Distributed actor retries: replay eligibility, claims, deduplication, budgets, observers or backoff require absent service protocol.",src/workerd/api/actor-fetch-retry-test.c++;src/workerd/api/http.c++;src/workerd/api/tests/BUILD.bazel;src/workerd/api/tests/actor-fetch-rejection-test.js;src/workerd/api/tests/actor-fetch-rejection-test.wd-test
cb26acc62e64f64487a78e3f73d0a08e9926c690,87750f2bd04dca00647678f3a04aa346aa93d125 50226a61addeaf5d61c02723151ffa1c263281e4,Merge pull request #7580 from cloudflare/rinkle/RM-30088-revert-compat-date-update,Merge topology: component commits are indexed separately; final endpoint diff reviewed.,
50226a61addeaf5d61c02723151ffa1c263281e4,87750f2bd04dca00647678f3a04aa346aa93d125,"Revert ""Update compat date for `durable_object_io_tasks_prevent_eviction`""",Revert restores final eviction-tracking enable date 2026-10-01; evaluated endpoint.,src/workerd/io/compatibility-date-test.c++;src/workerd/io/compatibility-date.capnp
87750f2bd04dca00647678f3a04aa346aa93d125,9079625bd84a55ca6d11f18e7f1b47f714fbb234,Release 2026-09-30,Release metadata: oracle/types pinned at final release; compatibility date not advanced.,src/workerd/io/maximum-compatibility-date.txt;src/workerd/io/release-version.txt
9079625bd84a55ca6d11f18e7f1b47f714fbb234,7530e49c41d8235a570fcea92d0cc7a28852b8e1 1132cf4b1bd7bb4707d9831717a87aa152d020b4,Merge pull request #7577 from cloudflare/rinkle/RM-30088-update-compact-date,Merge topology: component commits are indexed separately; final endpoint diff reviewed.,
7530e49c41d8235a570fcea92d0cc7a28852b8e1,ab1b3926727b2fdc1f104d99eef93a878a93f665 1cc4c585f1cde289ad517bc8e1722eb8c2aef149,Merge pull request #7564 from cloudflare/mar/tracing-prefactors,Merge topology: component commits are indexed separately; final endpoint diff reviewed.,
1132cf4b1bd7bb4707d9831717a87aa152d020b4,ab1b3926727b2fdc1f104d99eef93a878a93f665,Update compat date for `durable_object_io_tasks_prevent_eviction`,Reverted by 50226a61a: temporary eviction-tracking compatibility date change.,src/workerd/io/compatibility-date-test.c++;src/workerd/io/compatibility-date.capnp
ab1b3926727b2fdc1f104d99eef93a878a93f665,9d1290c15f1dc799bd745c6b4805b8ec87a14973 8ede87f0d7f9030b8dfe8974812aef2bfb439645,Merge pull request #7519 from leostera/lostera/artifacts-bindings,Merge topology: component commits are indexed separately; final endpoint diff reviewed.,
1cc4c585f1cde289ad517bc8e1722eb8c2aef149,946ff26b028f644960e8d2d7f8bc5f1c4e788654,Centralize TraceContext construction,Native observability/lifetime or tests: local public no-op tracing handled separately; no observer delivery backend.,src/workerd/io/io-context.c++;src/workerd/io/trace.h
9d1290c15f1dc799bd745c6b4805b8ec87a14973,b886ea34a5b08c9ac117d50ae47636881acffae5 acaf55e29c2f010274ec94c3b4488521b057305f,Merge pull request #7571 from cloudflare/harris/2026-09-29-clarify-v8-compat-audits,Merge topology: component commits are indexed separately; final endpoint diff reviewed.,
acaf55e29c2f010274ec94c3b4488521b057305f,b886ea34a5b08c9ac117d50ae47636881acffae5,[nfc] Clarify V8 compatibility audit requirements,"Build, dependency, release tooling or documentation: no local runtime behavior port.",AGENTS.md
b886ea34a5b08c9ac117d50ae47636881acffae5,6c3ce9cbf92782c1db4ebbe087384954ef45cc55 b869af0328a927c2b402c0b759eb587c0be4e0a0,Merge pull request #7568 from cloudflare/harris/2026-09-28-update-v8-15.5,Merge topology: component commits are indexed separately; final endpoint diff reviewed.,
6c3ce9cbf92782c1db4ebbe087384954ef45cc55,8843f5935d1a5b9c1bd19755f9294c38881138bf,Enable debug for v8's heap.cc,"Build, dependency, release tooling or documentation: no local runtime behavior port.",.bazelrc
b869af0328a927c2b402c0b759eb587c0be4e0a0,82b85cf9f6de50c921b83a4d3b8a005ced8b513a,[build] Update to V8 15.5.35.7,"Native JSG/V8/Rust/KJ implementation, build or tests: ownership, GC and event-loop substrate is host-owned.",build/deps/deps.jsonc;build/deps/gen/deps.MODULE.bazel;build/deps/v8.MODULE.bazel;patches/v8/0001-Allow-manually-setting-ValueDeserializer-format-vers.patch;patches/v8/0002-Allow-manually-setting-ValueSerializer-format-versio.patch;patches/v8/0003-Allow-Windows-builds-under-Bazel.patch;patches/v8/0005-Speed-up-V8-bazel-build-by-always-using-target-cfg.patch;patches/v8/0006-Implement-Promise-Context-Tagging.patch;patches/v8/0009-Add-ValueSerializer-SetTreatFunctionsAsHostObjects.patch;patches/v8/0010-Modify-where-to-look-for-fp16-dependency.-This-depen.patch;patches/v8/0011-Revert-heap-Add-masm-specific-unwinding-annotations-.patch;patches/v8/0012-Update-illegal-invocation-error-message-in-v8.patch;patches/v8/0013-Implement-cross-request-context-promise-resolve-hand.patch;patches/v8/0014-Add-another-slot-in-the-isolate-for-embedder.patch;patches/v8/0015-Add-ValueSerializer-SetTreatProxiesAsHostObjects.patch;patches/v8/0017-Enable-V8-shared-linkage.patch;patches/v8/0018-Modify-where-to-look-for-fast_float-and-simdutf.patch;patches/v8/0019-Remove-unneded-latomic-linker-flag.patch;patches/v8/0020-Add-methods-to-get-heap-and-external-memory-sizes-di.patch;patches/v8/0021-Port-concurrent-mksnapshot-support.patch;patches/v8/0022-Port-V8_USE_ZLIB-support.patch;patches/v8/0023-Modify-where-to-look-for-dragonbox.patch;patches/v8/0026-Implement-additional-Exception-construction-methods.patch;patches/v8/0028-bind-icu-to-googlesource.patch;patches/v8/0029-Add-v8-String-IsFlat-API.patch;patches/v8/0031-Add-verify_write_barriers-flag-in-V8-s-bazel-config.patch;patches/v8/0033-Return-false-on-Object.hasOwnProperty-with-intercept.patch;patches/v8/0035-Remove-libcxx-dep-from-defs.bzl-not-resolvable-via-h.patch;patches/v8/0036-Fix-ExtendedMap-layout-on-Windows.patch;patches/v8/0038-Properly-depend-on-llvm-libc.patch;patches/v8/0039-Fix-TSan-build-without-the-V8-sandbox.patch;patches/v8/0040-Enable-Perfetto-support-in-the-V8-Bazel-build.patch;patches/v8/0042-cppgc-Sweep-cppgc-eagerly-with-non-incremental-GC.patch;patches/v8/0043-Allow-V8-release-archives-without-metagen-Clang-head.patch;src/workerd/jsg/setup.c++
8843f5935d1a5b9c1bd19755f9294c38881138bf,82b85cf9f6de50c921b83a4d3b8a005ced8b513a 946ff26b028f644960e8d2d7f8bc5f1c4e788654,Merge pull request #7521 from cloudflare/apeacock/STOR-5615-retryable-decorator,Merge topology: component commits are indexed separately; final endpoint diff reviewed.,
946ff26b028f644960e8d2d7f8bc5f1c4e788654,bc75cc988c6c0945ace821db0b9267d3206dd479,STOR-5615: Pass @retryable to the retry-token claim,Unsupported distributed retry protocol: retryable handler bit goes to retry-token claim observer; no local replay/dedup service.,src/workerd/api/actor-fetch-retry-test.c++;src/workerd/api/global-scope.c++;src/workerd/api/global-scope.h;src/workerd/api/jsrpc-call-plan-test.c++;src/workerd/api/jsrpc-call-retry-test.c++;src/workerd/api/worker-rpc.c++;src/workerd/api/workers-module.h;src/workerd/io/observer.h;src/workerd/io/worker-entrypoint-test.c++;src/workerd/io/worker-entrypoint.c++;types/defines/durable-objects.d.ts;types/generated-snapshot/experimental/index.d.ts;types/generated-snapshot/index.d.ts
bc75cc988c6c0945ace821db0b9267d3206dd479,82b85cf9f6de50c921b83a4d3b8a005ced8b513a,STOR-5615: Add the @retryable Durable Object decorator,Unsupported distributed retry surface: new cloudflare:durable-objects retryable decorator; no local module alias or retry backend.,src/cloudflare/durable-objects.ts;src/cloudflare/internal/workers.d.ts;src/workerd/api/tests/BUILD.bazel;src/workerd/api/tests/new-module-registry-test.js;src/workerd/api/tests/retryable-test.js;src/workerd/api/tests/retryable-test.wd-test;src/workerd/api/workers-module.c++;src/workerd/api/workers-module.h;types/defines/durable-objects.d.ts;types/generated-snapshot/experimental/index.d.ts;types/generated-snapshot/index.d.ts;types/test/types/durable-objects.ts
82b85cf9f6de50c921b83a4d3b8a005ced8b513a,71b349a8e87fa22855b818ef72cad5a3a35f6d79,Release 2026-09-29,Release metadata: oracle/types pinned at final release; compatibility date not advanced.,src/workerd/io/maximum-compatibility-date.txt;src/workerd/io/release-version.txt
71b349a8e87fa22855b818ef72cad5a3a35f6d79,b5bf0663a84044adaf713a114122e621859f197e 74f625b4e8ea30a147246ba8d6a5d00e2bd1e654,Merge pull request #7563 from cloudflare/rinkle/RM-30088-enable-io-task-eviction-compat-date,Merge topology: component commits are indexed separately; final endpoint diff reviewed.,
74f625b4e8ea30a147246ba8d6a5d00e2bd1e654,b5bf0663a84044adaf713a114122e621859f197e,Enable DO I/O task eviction protection on October 1,Host policy: enables eviction tracking at 2026-10-01; local compatibility date retained.,src/workerd/io/compatibility-date-test.c++;src/workerd/io/compatibility-date.capnp
b5bf0663a84044adaf713a114122e621859f197e,5d7700aad53ab19e526435bad32499c0e71137cf,update dependencies to latest version,"Build, dependency, release tooling or documentation: no local runtime behavior port.",build/deps/gen/build_deps.MODULE.bazel;build/deps/gen/deps.MODULE.bazel;deps/rust/Cargo.lock
5d7700aad53ab19e526435bad32499c0e71137cf,7d20e0abd254ad3653c5007c8150b6c7e33a2347 a83bf8d8fd6330467e4911d1bcf1b55892971017,Merge pull request #6872 from thibmeu/cf/mlkem-mldsa-helpers,Merge topology: component commits are indexed separately; final endpoint diff reviewed.,
a83bf8d8fd6330467e4911d1bcf1b55892971017,0f4b0f323febb2b829cad2048a2dc5c7fbcb8ead,Add ML-KEM and ML-DSA WebCrypto support,Host WebCrypto: opt-in ML-KEM/ML-DSA and draft helpers; local scope gates native WebCrypto and adds no cryptographic engine.,build/wpt_test.bzl;src/workerd/api/crypto/aes.c++;src/workerd/api/crypto/crypto.c++;src/workerd/api/crypto/crypto.h;src/workerd/api/crypto/digest.c++;src/workerd/api/crypto/ec.c++;src/workerd/api/crypto/hkdf.c++;src/workerd/api/crypto/impl.h;src/workerd/api/crypto/keys.c++;src/workerd/api/crypto/keys.h;src/workerd/api/crypto/mldsa.c++;src/workerd/api/crypto/mlkem.c++;src/workerd/api/crypto/pbkdf2.c++;src/workerd/api/crypto/rsa.c++;src/workerd/api/tests/BUILD.bazel;src/workerd/api/tests/crypto-extras-test.js;src/workerd/api/tests/crypto-modern-algorithms-test.js;src/workerd/api/tests/crypto-modern-algorithms-test.wd-test;src/workerd/io/compatibility-date.capnp;src/wpt/BUILD.bazel;src/wpt/WebCryptoAPI-test.ts;src/wpt/harness/utils.ts;types/generated-snapshot/experimental/index.d.ts;types/generated-snapshot/experimental/index.ts;types/generated-snapshot/index.d.ts;types/generated-snapshot/index.ts
7d20e0abd254ad3653c5007c8150b6c7e33a2347,0f4b0f323febb2b829cad2048a2dc5c7fbcb8ead,Refactor console method decoration for snapshotting (#6874),"Native JSG/V8/Rust/KJ implementation, build or tests: ownership, GC and event-loop substrate is host-owned.",src/workerd/io/worker.c++;src/workerd/io/worker.h;src/workerd/jsg/wrappable.h
0f4b0f323febb2b829cad2048a2dc5c7fbcb8ead,6cc4a3298deac58ba6d6fb74a3f0ffbc4f1f5902,Run Bonk from ask-bonk main,Separate Workflows service/types: no local engine; ambient contract comes from updated Workers types.,.github/workflows/bigbonk.yml;.github/workflows/bonk.yml;.github/workflows/new-pr-review.yml
6cc4a3298deac58ba6d6fb74a3f0ffbc4f1f5902,bf5bfc16a1f339e2a7eb123cc444dc507c3de879,Drop fully rolled-out autogates from the registry,"Native rollout registry cleanup; actor retry, socket transfer and trace gates assessed in their implementation commits.",src/workerd/util/autogate.h
bf5bfc16a1f339e2a7eb123cc444dc507c3de879,72ee7bf344644bdfc51e892a60556d2cecd97e38,Remove the durable-object-retries-fetch-retry-requests autogate,"Distributed actor retries: replay eligibility, claims, deduplication, budgets, observers or backoff require absent service protocol.",src/workerd/api/actor-fetch-retry-test.c++;src/workerd/api/http.c++;src/workerd/api/jsrpc-call-plan-test.c++;src/workerd/api/jsrpc-call-retry-test.c++;src/workerd/api/worker-rpc.c++
72ee7bf344644bdfc51e892a60556d2cecd97e38,d099c3f21576d15ea58c6e3301249d2234a102c1,Remove the durable-object-retries-fetch autogate,"Distributed actor retries: replay eligibility, claims, deduplication, budgets, observers or backoff require absent service protocol.",src/workerd/api/actor-call-retry-test.c++;src/workerd/api/actor-call-retry.c++;src/workerd/api/actor-call-retry.h;src/workerd/api/actor-fetch-retry-test.c++;src/workerd/api/http.c++;src/workerd/api/jsrpc-call-observation-test.c++;src/workerd/api/jsrpc-call-plan-test.c++;src/workerd/api/jsrpc-call-retry-test.c++;src/workerd/api/worker-rpc.c++
d099c3f21576d15ea58c6e3301249d2234a102c1,845398e48ea15f9f2ac89f35a8375f8f5f82cb26,Remove the jsrpc-tracing autogate,Native trace rollout gate removal; final-request cleanup still excludes shared actor contexts.,src/workerd/api/http.c++;src/workerd/api/tests/actor-kv-test.wd-test;src/workerd/api/tests/jsrpc-callback-trace-test-tail.js;src/workerd/api/tests/jsrpc-callback-trace-test.wd-test;src/workerd/api/tests/jsrpc-pipelined-trace-test.wd-test;src/workerd/api/tests/sql-test.wd-test;src/workerd/api/tests/tail-worker-test.wd-test;src/workerd/api/worker-rpc.c++;src/workerd/io/BUILD.bazel;src/workerd/io/incoming-request-test.c++;src/workerd/io/io-context.c++
845398e48ea15f9f2ac89f35a8375f8f5f82cb26,e4de275bd32b13a25d61e3c1b4db6bb7807e3ac9,Remove the socket-rpc-transfer autogate,Host TCP/UDP/TLS transport or tests: no local cloudflare:sockets/connect event substrate.,src/workerd/api/sockets.c++;src/workerd/api/tests/js-rpc-socket-streams-ts-test.wd-test;src/workerd/api/tests/js-rpc-socket-test.wd-test;src/workerd/api/tests/outbound-interceptor-socket-test.wd-test;src/workerd/api/worker-rpc.c++
e4de275bd32b13a25d61e3c1b4db6bb7807e3ac9,d7a909deda84816fa43730d64b0202d0878cde95,Remove the container-tunnel-reuse autogate,Separate Docker Containers service/client or tests: unrelated to local actor execution container.,src/workerd/api/BUILD.bazel;src/workerd/api/bench-container-ingress.c++;src/workerd/api/container-test.c++;src/workerd/api/container.c++;src/workerd/api/container.h
d7a909deda84816fa43730d64b0202d0878cde95,f30fcf93a0eef26e886a9f53a1918634024ca6a0,Remove the nodejs-exceptions-rust autogate,Host Node compatibility implementation/tests: runtime does not port node modules; browser AsyncResource exception screened separately.,src/rust/node-exceptions/lib.rs;src/workerd/api/node/BUILD.bazel;src/workerd/api/node/exceptions.c++
f30fcf93a0eef26e886a9f53a1918634024ca6a0,b37c987145e2bd3ad74025f41d2c8f13520832d2,Remove the nodejs-url-rust autogate,Host Node compatibility implementation/tests: runtime does not port node modules; browser AsyncResource exception screened separately.,compile_flags.txt;src/rust/AGENTS.md;src/rust/api/lib.rs;src/rust/api/url.rs;src/rust/net/BUILD.bazel;src/rust/net/lib.rs;src/workerd/api/node/BUILD.bazel;src/workerd/api/node/node.h;src/workerd/api/node/tests/url-nodejs-test.js;src/workerd/api/node/url.c++;src/workerd/api/node/url.h
b37c987145e2bd3ad74025f41d2c8f13520832d2,e5803288aef5315a69cfcb759cfec11311464586 3236e38b66372c99d32acc7e3af9d8619626385a,Merge pull request #7558 from cloudflare/apeacock/STOR-5615-replay-memory-budget,Merge topology: component commits are indexed separately; final endpoint diff reviewed.,
8ede87f0d7f9030b8dfe8974812aef2bfb439645,e5803288aef5315a69cfcb759cfec11311464586,Add Artifacts repository read types,Separate Cloudflare product binding/types/tests: service remains host-owned; ambient types updated with oracle.,types/defines/artifacts.d.ts;types/generated-snapshot/experimental/index.d.ts;types/generated-snapshot/experimental/index.ts;types/generated-snapshot/index.d.ts;types/generated-snapshot/index.ts;types/test/types/artifacts.ts
3236e38b66372c99d32acc7e3af9d8619626385a,af4d571e95939991ef8c6c93dd09763650b73c90,STOR-5615: Count full replay memory for JSRPC calls,"Distributed actor retries: replay eligibility, claims, deduplication, budgets, observers or backoff require absent service protocol.",src/workerd/api/actor-call-retry.c++;src/workerd/api/actor-call-retry.h;src/workerd/api/jsrpc-call-plan-test.c++;src/workerd/api/jsrpc-call-retry-test.c++;src/workerd/api/worker-rpc.c++;src/workerd/api/worker-rpc.h
af4d571e95939991ef8c6c93dd09763650b73c90,e5803288aef5315a69cfcb759cfec11311464586,STOR-5615: Reserve actor call replay memory through LimitEnforcer,"Distributed actor retries: replay eligibility, claims, deduplication, budgets, observers or backoff require absent service protocol.",src/workerd/api/jsrpc-call-retry-test.c++;src/workerd/api/worker-rpc.c++;src/workerd/api/worker-rpc.h;src/workerd/io/limit-enforcer.h;src/workerd/io/observer.h;src/workerd/tests/test-fixture.c++;src/workerd/tests/test-fixture.h
e5803288aef5315a69cfcb759cfec11311464586,500a6f4b3cba10be76bf99953a722cfdc8c23147,Honour the requested atomic cppgc sweeping,"Native JSG/V8/Rust/KJ implementation, build or tests: ownership, GC and event-loop substrate is host-owned.",build/deps/v8.MODULE.bazel;docs/jsg.md;patches/v8/0042-cppgc-Sweep-cppgc-eagerly-with-non-incremental-GC.patch;src/workerd/api/tests/BUILD.bazel;src/workerd/api/tests/messageport-gc-test.js;src/workerd/api/tests/messageport-gc-test.wd-test;src/workerd/api/unsafe.c++;src/workerd/api/unsafe.h;src/workerd/jsg/condemned-wrapper-test.c++;src/workerd/jsg/eager-finalization-test.c++;src/workerd/jsg/jsg.c++;src/workerd/jsg/jsg.h
500a6f4b3cba10be76bf99953a722cfdc8c23147,bf05b7e6c997719257080240d2e6799c257fd910,Move wrapper handle to shim,"Native JSG/V8/Rust/KJ implementation, build or tests: ownership, GC and event-loop substrate is host-owned.",docs/jsg.md;src/workerd/jsg/condemned-wrapper-test.c++;src/workerd/jsg/jsg.c++;src/workerd/jsg/jsg.h;src/workerd/jsg/setup.c++;src/workerd/jsg/setup.h;src/workerd/jsg/wrappable.c++;src/workerd/jsg/wrappable.h
bf05b7e6c997719257080240d2e6799c257fd910,43c5dcf88099eb6314aff56501542136c16d6cf1,jsg: tighten wrapper identity checks when unwrapping,Security/branding screened: native cppgc wrapper identity validation; local JS wrappers do not carry cppgc pointers.,docs/jsg.md;src/workerd/jsg/BUILD.bazel;src/workerd/jsg/bench-dispatch.c++;src/workerd/jsg/fast-api-test.c++;src/workerd/jsg/jsg-test.c++;src/workerd/jsg/jsg.h;src/workerd/jsg/resource.h;src/workerd/jsg/setup.c++;src/workerd/jsg/wrappable-tag.h;src/workerd/jsg/wrappable.c++;src/workerd/jsg/wrappable.h
43c5dcf88099eb6314aff56501542136c16d6cf1,4d091cde6c7447a4ead80d1ffbb3a21646eb20c1,jsg: look up wrappables through their cppgc shim,Native cppgc shim lookup and serializer pointer identity; no local native unwrap path.,src/rust/jsg/ffi.c++;src/workerd/api/basics.c++;src/workerd/api/capnp.h;src/workerd/api/global-scope.c++;src/workerd/api/node/timers.c++;src/workerd/jsg/BUILD.bazel;src/workerd/jsg/function.h;src/workerd/jsg/jsg.h;src/workerd/jsg/resource.h;src/workerd/jsg/ser.c++;src/workerd/jsg/setup.c++;src/workerd/jsg/setup.h;src/workerd/jsg/type-wrapper.h;src/workerd/jsg/wrappable-tag.h;src/workerd/jsg/wrappable.c++;src/workerd/jsg/wrappable.h;src/workerd/server/BUILD.bazel
4d091cde6c7447a4ead80d1ffbb3a21646eb20c1,8c17a40c38f3b6127f6aef7dfd8f56c7aac85c62,Hold refs to TailStreamTarget in queued callbacks,Native trace-stream callback ownership; no local tail-stream observer delivery backend.,src/workerd/io/trace-stream.c++
8c17a40c38f3b6127f6aef7dfd8f56c7aac85c62,5d450132f6e3b69616d8609d74f4e1fb784c23e1,streams: keep tee branch source alive across async ops,Host streams/compression implementation or tests: native WHATWG streams/Capn Web supply local substrate; no KJ pump port.,src/workerd/api/streams/internal-test.c++;src/workerd/api/streams/internal.c++
5d450132f6e3b69616d8609d74f4e1fb784c23e1,7b7eb53a3ed50690e86cdebf382fc627facb9ad7,Defer in-memory alarm task cancellation,Native lifetime fix: defer destruction of in-memory alarm task callbacks; JavaScript promises do not self-destruct and local scheduler owns delivery.,src/workerd/api/tests/BUILD.bazel;src/workerd/api/tests/actor-alarms-in-memory-test.js;src/workerd/api/tests/actor-alarms-in-memory-test.wd-test;src/workerd/io/worker.c++
7b7eb53a3ed50690e86cdebf382fc627facb9ad7,948fa207ff77d533e964eb315c57513f3d29f57c,Release 2026-09-28,Release metadata: oracle/types pinned at final release; compatibility date not advanced.,src/workerd/io/maximum-compatibility-date.txt;src/workerd/io/release-version.txt
948fa207ff77d533e964eb315c57513f3d29f57c,e4d0afe0ef09edc31c53a1636a3bc2d6db0dee59,memory-cache: merge memory-cache-v2.c++ into memory-cache.c++,Separate native shared memory cache implementation: no local cache backend.,src/workerd/api/BUILD.bazel;src/workerd/api/memory-cache-v2.c++;src/workerd/api/memory-cache.c++;src/workerd/api/memory-cache.h
e4d0afe0ef09edc31c53a1636a3bc2d6db0dee59,10a99ae1c5764aa4e6743f28716171f973131114,memory-cache: expose test stats on MemoryCacheUse,Separate native shared memory cache implementation: no local cache backend.,src/workerd/api/BUILD.bazel;src/workerd/api/memory-cache-test.c++;src/workerd/api/memory-cache-v2-test.h;src/workerd/api/memory-cache-v2.c++;src/workerd/api/memory-cache.h
10a99ae1c5764aa4e6743f28716171f973131114,8e7c42e0b0d363ef04c157e1cf9c93c4d1b13277,memory-cache: fold MemoryCacheNamespace into MemoryCacheProvider,Separate native shared memory cache implementation: no local cache backend.,src/workerd/api/memory-cache-test.c++;src/workerd/api/memory-cache-v2.c++;src/workerd/api/memory-cache.c++;src/workerd/api/memory-cache.h
8e7c42e0b0d363ef04c157e1cf9c93c4d1b13277,a80233266ff8df8b69087b536398ab192cdf402d,memory-cache: drop the clock parameter from MemoryCacheProvider,Separate native shared memory cache implementation: no local cache backend.,src/workerd/api/memory-cache-test.c++;src/workerd/api/memory-cache-v2.c++;src/workerd/api/memory-cache.h;src/workerd/server/server.c++;src/workerd/tests/test-fixture.c++
a80233266ff8df8b69087b536398ab192cdf402d,cb318b9d59e76b2151c0d289aebe28bb0538f23b,memory-cache: make CacheValue a plain byte view,Separate native shared memory cache implementation: no local cache backend.,src/workerd/api/memory-cache-test.c++;src/workerd/api/memory-cache-v2.c++;src/workerd/api/memory-cache.c++;src/workerd/api/memory-cache.h
cb318b9d59e76b2151c0d289aebe28bb0538f23b,25ef062e9160c1cceba3702386f8bf413318ce36,memory-cache: remove the MEMORY_CACHE_V2 autogate and the C++ implementation,Separate native shared memory cache implementation: no local cache backend.,src/workerd/api/BUILD.bazel;src/workerd/api/memory-cache-test.c++;src/workerd/api/memory-cache-v2-test.h;src/workerd/api/memory-cache-v2.c++;src/workerd/api/memory-cache.c++;src/workerd/api/memory-cache.h;src/workerd/util/autogate.h
25ef062e9160c1cceba3702386f8bf413318ce36,1d3665aa7c082b8ced8a3f010dee5dfc59fac1c3,memory-cache: hoist SharedMemoryCache::Limits to MemoryCacheLimits,Separate native shared memory cache implementation: no local cache backend.,src/workerd/api/memory-cache-test.c++;src/workerd/api/memory-cache-v2.c++;src/workerd/api/memory-cache.h
1d3665aa7c082b8ced8a3f010dee5dfc59fac1c3,8c23e9b39031a9c9cbca7dbef76647009bc51c8e,Release 2026-09-27,Release metadata: oracle/types pinned at final release; compatibility date not advanced.,src/workerd/io/maximum-compatibility-date.txt;src/workerd/io/release-version.txt
8c23e9b39031a9c9cbca7dbef76647009bc51c8e,1a709e54e6ad9a40010ba9db6e844aef64382a0e,Make Bonk reviews precise,Separate Workflows service/types: no local engine; ambient contract comes from updated Workers types.,.github/bonk/specialists/SHARED.md;.github/bonk/specialists/api-compat.md;.github/bonk/specialists/compat-flags.md;.github/bonk/specialists/correctness.md;.github/bonk/specialists/design.md;.github/bonk/specialists/docs.md;.github/bonk/specialists/kj-style.md;.github/bonk/specialists/memory-safety.md;.github/bonk/specialists/performance.md;.github/bonk/specialists/rust-first.md;.github/bonk/specialists/tests.md;.github/bonk_reviewer.md;.github/workflows/bigbonk.yml;.github/workflows/bonk.yml;.github/workflows/new-pr-review.yml;src/rust/AGENTS.md
1a709e54e6ad9a40010ba9db6e844aef64382a0e,1481f440b0dc69fee8dcfd2e1995fac5f88f2f88,Make Bonk reviews reliable and context-aware,Separate Workflows service/types: no local engine; ambient contract comes from updated Workers types.,.github/bonk/specialists/api-compat.md;.github/bonk/specialists/compat-flags.md;.github/bonk/specialists/design.md;.github/bonk/specialists/jsg.md;.github/bonk/specialists/kj-style.md;.github/bonk/specialists/memory-safety.md;.github/bonk/specialists/rust-first.md;.github/bonk/specialists/security.md;.github/bonk_reviewer.md;.github/workflows/bigbonk.yml;.github/workflows/bonk.yml;.github/workflows/deps-updater.yml;.github/workflows/new-pr-review.yml;justfile;tools/update_opencode_version.py
1481f440b0dc69fee8dcfd2e1995fac5f88f2f88,da46ad950c54b19158c5ea5cb997a9727491ca17,kj-rs: drop a KjOwn<T> through kj::Own<T>'s own destructor,"Native JSG/V8/Rust/KJ implementation, build or tests: ownership, GC and event-loop substrate is host-owned.",src/rust/cxx/AGENTS.md;src/rust/cxx/gen/src/write.rs;src/rust/cxx/kj-rs/README.md;src/rust/cxx/kj-rs/lib.rs;src/rust/cxx/kj-rs/maybe.rs;src/rust/cxx/kj-rs/own.c++;src/rust/cxx/kj-rs/own.h;src/rust/cxx/kj-rs/own.rs;src/rust/cxx/kj-rs/tests/BUILD.bazel;src/rust/cxx/kj-rs/tests/lib.rs;src/rust/cxx/kj-rs/tests/own-test.c++;src/rust/cxx/kj-rs/tests/test-own.c++;src/rust/cxx/kj-rs/tests/test-own.h;src/rust/cxx/kj-rs/tests/test_own.rs;src/rust/cxx/macro/src/expand.rs;src/rust/cxx/tests/ffi/lib.rs;src/rust/kj/http.rs;src/rust/kj/io.rs;src/rust/kj/own.rs
da46ad950c54b19158c5ea5cb997a9727491ca17,e00e11ad3fc7d6501b8141158ba68ced52e4f923,Release 2026-09-26,Release metadata: oracle/types pinned at final release; compatibility date not advanced.,src/workerd/io/maximum-compatibility-date.txt;src/workerd/io/release-version.txt
e00e11ad3fc7d6501b8141158ba68ced52e4f923,bf52ccf7e79d1abe73a4d44a225f8c626d538134 68d99dd1e200a210baaf7671533f2d818d9405dc,Merge pull request #7516 from cloudflare/jasnell/ts-streams-detached-dataview,Merge topology: component commits are indexed separately; final endpoint diff reviewed.,
68d99dd1e200a210baaf7671533f2d818d9405dc,bf52ccf7e79d1abe73a4d44a225f8c626d538134,Read detached and out-of-bounds DataView chunks as empty,Host streams/compression implementation or tests: native WHATWG streams/Capn Web supply local substrate; no KJ pump port.,src/per_isolate/crypto/digest-stream.ts;src/per_isolate/webstreams/AGENTS.md;src/per_isolate/webstreams/compression.ts;src/per_isolate/webstreams/identity.ts;src/per_isolate/webstreams/readable.ts;src/per_isolate/webstreams/view-extent.ts;src/per_isolate/webstreams/writable.ts;src/tests/streams/compression/AGENTS.md;src/tests/streams/compression/buffer-lifecycle.js;src/tests/streams/compression/main.js;src/tests/streams/digest/AGENTS.md;src/tests/streams/digest/buffer-lifecycle.js;src/tests/streams/digest/main.js;src/tests/streams/identity/AGENTS.md;src/tests/streams/identity/buffer-lifecycle.js;src/tests/streams/readable/AGENTS.md;src/tests/streams/readable/integration-body.js;src/tests/streams/sockets/AGENTS.md;src/tests/streams/sockets/main.js;src/tests/streams/sockets/socket-streams.js
bf52ccf7e79d1abe73a4d44a225f8c626d538134,ebd585e5246afbb027396f5d5c13c9f5aaaff338 8976cb3e0862f3233424e86d0accc22c8fcd799c,Merge pull request #7515 from cloudflare/jasnell/ts-streams-identity-write-settlement,Merge topology: component commits are indexed separately; final endpoint diff reviewed.,
ebd585e5246afbb027396f5d5c13c9f5aaaff338,30ed8b445770df14b512179678622996f9d6da8b,types: exact per-model Workers AI reasoning types,Separate Cloudflare product binding/types/tests: service remains host-owned; ambient types updated with oracle.,types/defines/ai.d.ts;types/generated-snapshot/experimental/index.d.ts;types/generated-snapshot/experimental/index.ts;types/generated-snapshot/index.d.ts;types/generated-snapshot/index.ts;types/test/types/ai-reasoning.ts
30ed8b445770df14b512179678622996f9d6da8b,ac7298be9ac0b71187ebaf6a1a68a3907fff0084,chore(types): regenerate snapshots with bazel,Ambient/service type contract or tests: supplied by updated Workers types; no matching local service implementation.,types/generated-snapshot/experimental/index.d.ts;types/generated-snapshot/experimental/index.ts;types/generated-snapshot/index.d.ts;types/generated-snapshot/index.ts
ac7298be9ac0b71187ebaf6a1a68a3907fff0084,d4e722dcbffb9053d151e588beda636165abaa6c,docs(types): point Workers AI reasoning types at their source of truth,Separate Cloudflare product binding/types/tests: service remains host-owned; ambient types updated with oracle.,types/defines/ai.d.ts
d4e722dcbffb9053d151e588beda636165abaa6c,3a0d1f59d1830c3c29c2599b84a4a673bfe47cb8,fix(types): inline per-model Workers AI reasoning types,Separate Cloudflare product binding/types/tests: service remains host-owned; ambient types updated with oracle.,types/defines/ai.d.ts;types/generated-snapshot/experimental/index.d.ts;types/generated-snapshot/experimental/index.ts;types/generated-snapshot/index.d.ts;types/generated-snapshot/index.ts
3a0d1f59d1830c3c29c2599b84a4a673bfe47cb8,0238570afcc03fd44d322e32e8fcd49273398a1d,fix(types): suggest no reasoning efforts for Kimi K2.7 Code,Separate Cloudflare product binding/types/tests: service remains host-owned; ambient types updated with oracle.,types/defines/ai.d.ts;types/generated-snapshot/experimental/index.d.ts;types/generated-snapshot/experimental/index.ts;types/generated-snapshot/index.d.ts;types/generated-snapshot/index.ts;types/test/types/ai-reasoning.ts
0238570afcc03fd44d322e32e8fcd49273398a1d,856051dd0eb8652d2f4c0623901a56402d9b5bcf,fix(types): make Workers AI reasoning types suggestions instead of restrictions,Separate Cloudflare product binding/types/tests: service remains host-owned; ambient types updated with oracle.,types/defines/ai.d.ts;types/generated-snapshot/experimental/index.d.ts;types/generated-snapshot/experimental/index.ts;types/generated-snapshot/index.d.ts;types/generated-snapshot/index.ts;types/test/types/ai-reasoning.ts
856051dd0eb8652d2f4c0623901a56402d9b5bcf,5398f442c2f65c059446d214748e09021244c693,fix(types): match generated Gemma 4 class name and keep the original as an alias,Separate Cloudflare product binding/types/tests: service remains host-owned; ambient types updated with oracle.,types/defines/ai.d.ts;types/generated-snapshot/experimental/index.d.ts;types/generated-snapshot/experimental/index.ts;types/generated-snapshot/index.d.ts;types/generated-snapshot/index.ts;types/test/types/ai-reasoning.ts
5398f442c2f65c059446d214748e09021244c693,ec6b5780e40a2ffb468afd7b629ad1ac40cdd3b8,fix(types): regenerate Workers AI reasoning types from production metadata,Separate Cloudflare product binding/types/tests: service remains host-owned; ambient types updated with oracle.,types/defines/ai.d.ts;types/generated-snapshot/experimental/index.d.ts;types/generated-snapshot/experimental/index.ts;types/generated-snapshot/index.d.ts;types/generated-snapshot/index.ts;types/test/types/ai-reasoning.ts
ec6b5780e40a2ffb468afd7b629ad1ac40cdd3b8,70d3d28f747653d55f322e011c078d99d90c3fa2,fix(types): publish Nemotron native reasoning controls,Separate Cloudflare product binding/types/tests: service remains host-owned; ambient types updated with oracle.,types/defines/ai.d.ts;types/generated-snapshot/experimental/index.d.ts;types/generated-snapshot/experimental/index.ts;types/generated-snapshot/index.d.ts;types/generated-snapshot/index.ts;types/test/types/ai-reasoning.ts
70d3d28f747653d55f322e011c078d99d90c3fa2,7b86b5b671031ae7ef923a62282bf31cdbed5e71,fix(types): add Qwen and Nemotron reasoning efforts,Separate Cloudflare product binding/types/tests: service remains host-owned; ambient types updated with oracle.,types/defines/ai.d.ts;types/generated-snapshot/experimental/index.d.ts;types/generated-snapshot/experimental/index.ts;types/generated-snapshot/index.d.ts;types/generated-snapshot/index.ts;types/test/types/ai-reasoning.ts
7b86b5b671031ae7ef923a62282bf31cdbed5e71,7b31a25ad25ef6a52879a437bb99c72c9206b09e,fix(types): describe Workers AI model reasoning controls,Separate Cloudflare product binding/types/tests: service remains host-owned; ambient types updated with oracle.,types/defines/ai.d.ts;types/generated-snapshot/experimental/index.d.ts;types/generated-snapshot/experimental/index.ts;types/generated-snapshot/index.d.ts;types/generated-snapshot/index.ts;types/test/types/ai-reasoning.ts
8976cb3e0862f3233424e86d0accc22c8fcd799c,41de4aeaa730d40588d6df1f407601300050df4b,Settle identity-stream writes once read; span reads; tee at the slowest,Host streams/compression implementation or tests: native WHATWG streams/Capn Web supply local substrate; no KJ pump port.,src/per_isolate/webstreams/identity.ts;src/tests/streams/identity/AGENTS.md;src/tests/streams/identity/backpressure.js;src/tests/streams/identity/byob.js;src/tests/streams/identity/draining-reader.js;src/tests/streams/identity/identity-modules.capnp;src/tests/streams/identity/main.js;src/tests/streams/identity/read-at-least.js;src/tests/streams/identity/reentrancy.js;src/tests/streams/identity/tee-backpressure.js;src/tests/streams/identity/tee-byob.js;src/tests/streams/r2-patterns/AGENTS.md;src/tests/streams/r2-patterns/r2-consumption.js
41de4aeaa730d40588d6df1f407601300050df4b,7b31a25ad25ef6a52879a437bb99c72c9206b09e,Add a consumption hook and batched byte enqueue for internal sources,Host streams/compression implementation or tests: native WHATWG streams/Capn Web supply local substrate; no KJ pump port.,src/per_isolate/webstreams/queue.ts;src/per_isolate/webstreams/readable.ts
7b31a25ad25ef6a52879a437bb99c72c9206b09e,4d84c2c2a5f86e6aef19e194ebb7ade126fac85a 1495a62b5d397ea6ae942b884539d5e8e89b07a0,Merge pull request #7510 from cloudflare/jasnell/ts-streams-transformer-retention,Merge topology: component commits are indexed separately; final endpoint diff reviewed.,
4d84c2c2a5f86e6aef19e194ebb7ade126fac85a,d76924cf2f3d73355118759bb81d7363502b4cb8 13aea4b62ebb13bbe8e21ea05c221d58f20e18f7,Merge pull request #7451 from cloudflare/jolio/linting-reje-yw7unu,Merge topology: component commits are indexed separately; final endpoint diff reviewed.,
1495a62b5d397ea6ae942b884539d5e8e89b07a0,15c5d5e3a4237754319232e79fa9e78299f87cd2,Release the transformer once a TransformStream finishes,Release metadata: oracle/types pinned at final release; compatibility date not advanced.,src/per_isolate/webstreams/transform.ts;src/tests/streams/transform/AGENTS.md;src/tests/streams/transform/cancel-outcomes.js;src/tests/streams/transform/gc.js;src/tests/streams/transform/main.js
d76924cf2f3d73355118759bb81d7363502b4cb8,a5e123b6a5c615f6c4a247df88a4534fbbd436ae a745140dc8543085dabdf13cbfd9c2e233556924,Merge pull request #7523 from cloudflare/maizatskyi/2026-09-25-module-source-ownership-base,Merge topology: component commits are indexed separately; final endpoint diff reviewed.,
a5e123b6a5c615f6c4a247df88a4534fbbd436ae,15c5d5e3a4237754319232e79fa9e78299f87cd2 6dec1565df779ea90b58d9e0f452647527acd458,Merge pull request #7513 from cloudflare/apeacock/STOR-5615-jsrpc-retry-policy,Merge topology: component commits are indexed separately; final endpoint diff reviewed.,
15c5d5e3a4237754319232e79fa9e78299f87cd2,7a7ad836d7846d6442724bff1f3c9cf2fec26568 ae9db71bdab6d067b2d78d6780d6a3e66576e1a8,Merge pull request #7509 from cloudflare/jasnell/ts-streams-transform-cancel-outcome,Merge topology: component commits are indexed separately; final endpoint diff reviewed.,
a745140dc8543085dabdf13cbfd9c2e233556924,7a7ad836d7846d6442724bff1f3c9cf2fec26568,Add jsg support for shared-ownership module sources,Native module source ownership: JSG shared backing lifetimes; local WorkerSource retains owned JS strings/bytes/modules.,src/rust/gen-compile-cache/cxx-bridge.c++;src/workerd/io/worker-modules.h;src/workerd/jsg/jsg-test.h;src/workerd/jsg/modules-new-test.c++;src/workerd/jsg/modules-new.c++;src/workerd/jsg/modules-new.h;src/workerd/jsg/modules.c++;src/workerd/jsg/modules.h;src/workerd/jsg/util.c++;src/workerd/jsg/util.h;src/workerd/server/workerd-api.c++
13aea4b62ebb13bbe8e21ea05c221d58f20e18f7,adc042fdfcf02cf32dff05128f21ebdba0502c8f,Linting: suppress intentional moved-from test assertions,"Native JSG/V8/Rust/KJ implementation, build or tests: ownership, GC and event-loop substrate is host-owned.",src/workerd/io/io-own-test.c++;src/workerd/jsg/weakref-test.c++
adc042fdfcf02cf32dff05128f21ebdba0502c8f,50e5bf3f93ced8de16bbd0270c63e93288944d6d,Linting: suppress last-recipient move in TailStreamWriter,Native build/tooling/refactor or KJ ownership primitive: no additional local public behavior.,src/workerd/io/trace-stream.c++
50e5bf3f93ced8de16bbd0270c63e93288944d6d,58fc8abf092dc1fe9bbf86abcf8194938a8f5a7b,Linting: treat KJ owning pointers as null after move,"Build, dependency, release tooling or documentation: no local runtime behavior port.",tools/clang-tidy/use-after-move-analysis.c++;tools/clang-tidy/use-after-move-negative-test.c++;tools/clang-tidy/use-after-move-positive-test.c++;tools/clang-tidy/use-after-move-test.sh
58fc8abf092dc1fe9bbf86abcf8194938a8f5a7b,1c21cdb558aa43fe37435e1a2d8bceadc9bce39a,Linting: extract worker config before capturing def,Native move-order fix when capturing worker definition; no C++ move semantics locally.,src/workerd/server/server.c++
1c21cdb558aa43fe37435e1a2d8bceadc9bce39a,20228240e1adcfcae1f795a57e4737f333145ce1,Linting: move Sync-KV list prefix field directly,Native move-order fix for sync-kv prefix; local list options are owned JS values.,src/workerd/api/sync-kv.c++
20228240e1adcfcae1f795a57e4737f333145ce1,336121a9d720b9a8ba54f971a29275020b8e4c46,Linting: consume unwrapped JSG arguments with apply(),"Native JSG/V8/Rust/KJ implementation, build or tests: ownership, GC and event-loop substrate is host-owned.",src/workerd/jsg/function.h;src/workerd/jsg/resource.h
336121a9d720b9a8ba54f971a29275020b8e4c46,167d0486a472ac90585b5f0c4a03a84229989f46,Linting: add UnwrappedArgs::apply(),"Native JSG/V8/Rust/KJ implementation, build or tests: ownership, GC and event-loop substrate is host-owned.",src/workerd/jsg/unwrap-args-test.c++;src/workerd/jsg/unwrap-args.h
167d0486a472ac90585b5f0c4a03a84229989f46,918def97132a07c5e38d0293d12bff420f4b60a8,Linting: cover coroutine moves in KJ cases,"Build, dependency, release tooling or documentation: no local runtime behavior port.",tools/clang-tidy/use-after-move-oneof-test.c++
918def97132a07c5e38d0293d12bff420f4b60a8,83da17e47f0ac11a966e280e200f4221fbb41e93,[fix] Model KJ case loops as single-iteration control flow,"Build, dependency, release tooling or documentation: no local runtime behavior port.",tools/clang-tidy/BUILD.bazel;tools/clang-tidy/BUILD.headers;tools/clang-tidy/test-headers.bzl;tools/clang-tidy/use-after-move-analysis.c++;tools/clang-tidy/use-after-move-analysis.h;tools/clang-tidy/use-after-move-oneof-test.c++;tools/clang-tidy/use-after-move-test.sh;tools/clang-tidy/use-after-move.c++;tools/clang-tidy/use-after-move.h
83da17e47f0ac11a966e280e200f4221fbb41e93,d21f848267341ea91497d3030cced194e2e277b4,[nfc] Apply formatting to LLVM use-after-move analysis,"Build, dependency, release tooling or documentation: no local runtime behavior port.",tools/clang-tidy/use-after-move-analysis.c++;tools/clang-tidy/use-after-move-analysis.h
d21f848267341ea91497d3030cced194e2e277b4,599842e0e838716a864181d2357a6b3ffcfe6ce6,[nfc] Import LLVM use-after-move analysis unchanged,"Build, dependency, release tooling or documentation: no local runtime behavior port.",tools/clang-tidy/llvm-LICENSE.txt;tools/clang-tidy/use-after-move-analysis.c++;tools/clang-tidy/use-after-move-analysis.h
599842e0e838716a864181d2357a6b3ffcfe6ce6,53410c4cba6563b2fa38c03bcc47653ce8252541,Linting: allow derived fields after base move,"Build, dependency, release tooling or documentation: no local runtime behavior port.",tools/clang-tidy/use-after-move-negative-test.c++;tools/clang-tidy/use-after-move-positive-test.c++;tools/clang-tidy/use-after-move-test.sh;tools/clang-tidy/use-after-move.c++
53410c4cba6563b2fa38c03bcc47653ce8252541,e9f574d985f55cd05e4b818d3a8fce6ef563a779,Linting: narrow use-after-move macro exemptions,Native build/tooling/refactor or KJ ownership primitive: no additional local public behavior.,src/workerd/io/frankenvalue.h;tools/clang-tidy/use-after-move-negative-test.c++;tools/clang-tidy/use-after-move-positive-test.c++;tools/clang-tidy/use-after-move-test.sh;tools/clang-tidy/use-after-move.c++;tools/clang-tidy/use-after-move.h
e9f574d985f55cd05e4b818d3a8fce6ef563a779,f9d2ffabc14f554b08acfa7c9e399f66b28678a3,Use after move: use RemotePromise::releaseParts(),Native Capn Proto RemotePromise ownership; Capn Web has a separate transport implementation.,src/workerd/api/capnp.c++;src/workerd/api/worker-rpc.c++
f9d2ffabc14f554b08acfa7c9e399f66b28678a3,ff5defb046d088bda6236cc912cbc735c3037be7,Linting: reject more use-after-moves,"Build, dependency, release tooling or documentation: no local runtime behavior port.",.clang-tidy;tools/clang-tidy/BUILD.bazel;tools/clang-tidy/BUILD.headers;tools/clang-tidy/use-after-move-negative-test.c++;tools/clang-tidy/use-after-move-positive-test.c++;tools/clang-tidy/use-after-move-test.sh;tools/clang-tidy/use-after-move.c++;tools/clang-tidy/use-after-move.h;tools/clang-tidy/workerd-lint.c++
ff5defb046d088bda6236cc912cbc735c3037be7,7019d97e049c3c948b43b89bad1fed7a17b7875a,Use after move: double moved traceContext.,Native observability/lifetime or tests: local public no-op tracing handled separately; no observer delivery backend.,src/workerd/api/kv.c++
7019d97e049c3c948b43b89bad1fed7a17b7875a,7a7ad836d7846d6442724bff1f3c9cf2fec26568,Potential use after move: fix argument evaluation order,Native AbortSignal argument move-order correction; JavaScript evaluation order and host signal implementation already apply.,src/workerd/api/basics.c++
7a7ad836d7846d6442724bff1f3c9cf2fec26568,5719a46af4bec666bfa76d2c22ace9ab218af02f e1070b16d2e602bc66196bdc3db101b8781f3a19,Merge pull request #7522 from cloudflare/maizatskyi/2026-09-25-update-capnproto,Merge topology: component commits are indexed separately; final endpoint diff reviewed.,
e1070b16d2e602bc66196bdc3db101b8781f3a19,5719a46af4bec666bfa76d2c22ace9ab218af02f,update capnp-cpp and use kj::StaticArrayPtr for static tables,"Native JSG/V8/Rust/KJ implementation, build or tests: ownership, GC and event-loop substrate is host-owned.",AGENTS.md;build/deps/gen/deps.MODULE.bazel;build/wd_cc_embed.bzl;src/workerd/api/crypto/crypto.c++;src/workerd/api/crypto/crypto.h;src/workerd/io/per-isolate-bootstrap.c++;src/workerd/util/autogate.h
ae9db71bdab6d067b2d78d6780d6a3e66576e1a8,115e0b0e58093e141a01679428eb559b238d3ba4,Refine promise resolution ticks to match standard/node,Host streams/compression implementation or tests: native WHATWG streams/Capn Web supply local substrate; no KJ pump port.,src/per_isolate/webstreams/readable.ts;src/per_isolate/webstreams/transform.ts;src/per_isolate/webstreams/writable.ts;src/tests/streams/readable-byte/AGENTS.md;src/tests/streams/readable-byte/main.js;src/tests/streams/readable-byte/pull-timing.js;src/tests/streams/readable/AGENTS.md;src/tests/streams/readable/main.js;src/tests/streams/readable/source-algorithms.js;src/tests/streams/transform/AGENTS.md;src/tests/streams/transform/main.js;src/tests/streams/transform/transformer-algorithms.js;src/tests/streams/writable/AGENTS.md;src/tests/streams/writable/main.js;src/tests/streams/writable/sink-algorithms.js
5719a46af4bec666bfa76d2c22ace9ab218af02f,dbc56cfb0e4eea2f2a932ead98e8677ef54b8f40,fix: handle exceptions thrown in TCP connect() handler,Host TCP/UDP/TLS transport or tests: no local cloudflare:sockets/connect event substrate.,src/workerd/server/server-test.c++;src/workerd/server/server.c++
115e0b0e58093e141a01679428eb559b238d3ba4,dbc56cfb0e4eea2f2a932ead98e8677ef54b8f40,Settle a TransformStream cancel from the writable's state,Host streams/compression implementation or tests: native WHATWG streams/Capn Web supply local substrate; no KJ pump port.,src/per_isolate/webstreams/transform.ts;src/tests/streams/transform/AGENTS.md;src/tests/streams/transform/cancel-matrix.js;src/tests/streams/transform/cancel-outcomes.js;src/tests/streams/transform/main.js;src/tests/streams/transform/terminate.js;src/tests/streams/transform/transform-modules.capnp
dbc56cfb0e4eea2f2a932ead98e8677ef54b8f40,b9fb2374aef1ca09f5a492e65d5320541125af43 757419a73abd634d278b5c8db2a52a4d2bd1abe2,Merge pull request #7514 from cloudflare/jolio/sqlite-suppo-ufummb,Merge topology: component commits are indexed separately; final endpoint diff reviewed.,
b9fb2374aef1ca09f5a492e65d5320541125af43,f4ebbae6562718e53afbc3bba0f882266bd89529 275f7b2a47e95109c9d51a2b8ee6fc5ef7ff4782,Merge pull request #7404 from cloudflare/jolio/adopt-kj-asy-23sm7r,Merge topology: component commits are indexed separately; final endpoint diff reviewed.,
f4ebbae6562718e53afbc3bba0f882266bd89529,8cb7f9abfb58951a5113025e34c0a20ed23df16b 0c8dbcfb621180a206036bee13d3fb0668a96675,Merge pull request #7361 from cloudflare/workflows-ctx-exports-workerd,Merge topology: component commits are indexed separately; final endpoint diff reviewed.,
6dec1565df779ea90b58d9e0f452647527acd458,7f87ae389ef4258f2408be4598b37cb379ddd721,STOR-5615: Align JSRPC retries with fetch around the output gate,"Distributed actor retries: replay eligibility, claims, deduplication, budgets, observers or backoff require absent service protocol.",src/workerd/api/actor-call-retry.h;src/workerd/api/jsrpc-call-retry-test.c++;src/workerd/api/worker-rpc.c++
8cb7f9abfb58951a5113025e34c0a20ed23df16b,b1724c33d90ece7a846f56f8d98161fe7cb4759e badef8b8dcf29a988f995cf7c51c38c1b078ade6,Merge pull request #7383 from cloudflare/apeacock/STOR-5615-do-retry-policy-config,Merge topology: component commits are indexed separately; final endpoint diff reviewed.,
757419a73abd634d278b5c8db2a52a4d2bd1abe2,b1724c33d90ece7a846f56f8d98161fe7cb4759e,Sqlite: support adding specific error context to internal exceptions,Native diagnostics: database context in internal SQLite exceptions; no Sentry/VFS exception tunnel in local adapter.,src/workerd/util/sqlite-test.c++;src/workerd/util/sqlite.c++;src/workerd/util/sqlite.h
b1724c33d90ece7a846f56f8d98161fe7cb4759e,baf490a0b43baf62aa94a7ca0198f90da3433957 0a3c5639d2b60f0eae1a805699c2dc61045e0d08,Merge pull request #7507 from cloudflare/jasnell/ts-streams-writable-late-size,Merge topology: component commits are indexed separately; final endpoint diff reviewed.,
0a3c5639d2b60f0eae1a805699c2dc61045e0d08,baf490a0b43baf62aa94a7ca0198f90da3433957,Validate a writable chunk's size only when it is enqueued,Host streams/compression implementation or tests: native WHATWG streams/Capn Web supply local substrate; no KJ pump port.,src/per_isolate/webstreams/writable.ts;src/tests/streams/writable/AGENTS.md;src/tests/streams/writable/backpressure.js;src/tests/streams/writable/main.js
baf490a0b43baf62aa94a7ca0198f90da3433957,bf5bcb4d83ab738147b058b6f7aa9624f86b3bf9 b70547388c6140b5b02a559638269a137586eb39,Merge pull request #7504 from cloudflare/jasnell/ts-streams-native-tee-lock,Merge topology: component commits are indexed separately; final endpoint diff reviewed.,
0c8dbcfb621180a206036bee13d3fb0668a96675,6508ecb7d2517cff50c2d6cf086f7a28588256d6,workflows: hold Workflow storage Workers by kj::Own,Separate Workflows service/types: no local engine; ambient contract comes from updated Workers types.,src/workerd/server/server.c++
6508ecb7d2517cff50c2d6cf086f7a28588256d6,6affb1537951020f80ef9c38077b9d1b6ba98bd1,workflows: keep isWorkflow with the other Durable bools,Separate Workflows service/types: no local engine; ambient contract comes from updated Workers types.,src/workerd/server/server.c++;src/workerd/server/server.h
6affb1537951020f80ef9c38077b9d1b6ba98bd1,46a94e8da4ec0d62abace67b391254ae54d80e80,workflows: use Miniflare's key prefix for Workflow namespaces,Separate Workflows service/types: no local engine; ambient contract comes from updated Workers types.,src/workerd/server/server-test.c++;src/workerd/server/server.c++
46a94e8da4ec0d62abace67b391254ae54d80e80,acb3f35f9a43b3564a2dcb96e785bf44a210c321,workflows: don't depend on argument evaluation order for namespace key,Separate Workflows service/types: no local engine; ambient contract comes from updated Workers types.,src/workerd/server/server.c++
acb3f35f9a43b3564a2dcb96e785bf44a210c321,037e10ecfbf758faa6ed5813420224a3d9f127e4,workflows: document ctx.exports Workflows implementation,Separate Workflows service/types: no local engine; ambient contract comes from updated Workers types.,src/workerd/server/server.c++;src/workerd/server/server.h;src/workerd/server/workerd.capnp
037e10ecfbf758faa6ed5813420224a3d9f127e4,bf5bcb4d83ab738147b058b6f7aa9624f86b3bf9,workflows: expose configured workflows on ctx.exports,Separate service: configured Workflow exports now expose a Workflow binding; local Workflow service remains unsupported.,src/workerd/api/export-loopback.h;src/workerd/server/server-test.c++;src/workerd/server/server.c++;src/workerd/server/server.h;src/workerd/server/workerd.capnp;types/generated-snapshot/experimental/index.d.ts;types/generated-snapshot/experimental/index.ts;types/generated-snapshot/index.d.ts;types/generated-snapshot/index.ts;types/test/types/rpc.ts
b70547388c6140b5b02a559638269a137586eb39,bf5bcb4d83ab738147b058b6f7aa9624f86b3bf9,Lock a closed or errored native stream on tee(),Host streams/compression implementation or tests: native WHATWG streams/Capn Web supply local substrate; no KJ pump port.,src/per_isolate/webstreams/readable.ts;src/tests/streams/readable-byte/AGENTS.md;src/tests/streams/readable-byte/main.js;src/tests/streams/readable-byte/tee.js
bf5bcb4d83ab738147b058b6f7aa9624f86b3bf9,0838181ef67c7706dd7eaddd938b223feb2ad5d3 bd1108c043da270a5558d0b85ba62ac446e9f54f,Merge pull request #7502 from cloudflare/jasnell/ts-streams-husk-state,Merge topology: component commits are indexed separately; final endpoint diff reviewed.,
0838181ef67c7706dd7eaddd938b223feb2ad5d3,5d1832a7fc5c16af33be9a746440cef39253b30e,Release 2026-09-25,Release metadata: oracle/types pinned at final release; compatibility date not advanced.,src/workerd/io/maximum-compatibility-date.txt;src/workerd/io/release-version.txt
5d1832a7fc5c16af33be9a746440cef39253b30e,911aada4e6c9d9527bce98258156a04387d4e093,Release the pipe source when validation fails after locking (#7498),Release metadata: oracle/types pinned at final release; compatibility date not advanced.,src/per_isolate/webstreams/readable.ts;src/tests/streams/piping/AGENTS.md;src/tests/streams/piping/api-surface.js;src/tests/streams/piping/main.js
bd1108c043da270a5558d0b85ba62ac446e9f54f,1a059cdc6aec4bba43e538065ec2e16a7921e7c3,Update comments on teed branches and simplify native detach,Host streams/compression implementation or tests: native WHATWG streams/Capn Web supply local substrate; no KJ pump port.,src/per_isolate/webstreams/readable.ts
275f7b2a47e95109c9d51a2b8ee6fc5ef7ff4782,911aada4e6c9d9527bce98258156a04387d4e093,Adopt kj::StickyFlag to simplify basic promise and fulfiller use.,"Ported: OutputGate supports multiple onBroken observers; existing observers retain first failure, later observers see latest.",src/workerd/io/BUILD.bazel;src/workerd/io/async-lock-scheduler-test.c++;src/workerd/io/async-lock-scheduler.h;src/workerd/io/io-context-abort-test.c++;src/workerd/io/io-context.c++;src/workerd/io/io-context.h;src/workerd/io/io-gate-test.c++;src/workerd/io/io-gate.c++;src/workerd/io/io-gate.h;src/workerd/io/worker.c++
7f87ae389ef4258f2408be4598b37cb379ddd721,badef8b8dcf29a988f995cf7c51c38c1b078ade6,STOR-5615: Apply retry policy to JSRPC calls,"Distributed actor retries: replay eligibility, claims, deduplication, budgets, observers or backoff require absent service protocol.",src/workerd/api/actor-call-retry.h;src/workerd/api/http.c++;src/workerd/api/http.h;src/workerd/api/jsrpc-call-retry-test.c++;src/workerd/api/worker-rpc.c++;src/workerd/api/worker-rpc.h
badef8b8dcf29a988f995cf7c51c38c1b078ade6,5b48ae2376d42d7589fa3a6fdffb203a8c6f08a9,STOR-5615: Preserve retry policy on loopback namespaces,"Distributed actor retries: replay eligibility, claims, deduplication, budgets, observers or backoff require absent service protocol.",src/workerd/api/export-loopback.h;src/workerd/server/workerd-api.c++
5b48ae2376d42d7589fa3a6fdffb203a8c6f08a9,fbe504f36c3429f48be57456341eff6d84f4a94a,STOR-5615: Add configurable Durable Object retry timeouts,"Distributed actor retries: replay eligibility, claims, deduplication, budgets, observers or backoff require absent service protocol.",src/workerd/api/actor-call-retry-test.c++;src/workerd/api/actor-call-retry.h;src/workerd/api/actor-fetch-retry-test.c++;src/workerd/server/server-test.c++;src/workerd/server/server.c++;src/workerd/server/workerd.capnp
fbe504f36c3429f48be57456341eff6d84f4a94a,bf35727557aec3daf2547db00f70a365a244a4a5,STOR-5615: Cancel actor retries that outlast the retry timeout,"Distributed actor retries: replay eligibility, claims, deduplication, budgets, observers or backoff require absent service protocol.",src/workerd/api/actor-call-retry-test.c++;src/workerd/api/actor-call-retry.c++;src/workerd/api/actor-call-retry.h;src/workerd/api/actor-fetch-retry-test.c++;src/workerd/api/http.c++;src/workerd/api/worker-rpc.c++;src/workerd/io/io-channels.h
bf35727557aec3daf2547db00f70a365a244a4a5,c412de2a64e627ca65a0d5ebff0a14a9dc599695,STOR-5615: Add configurable Durable Object retry counts,"Distributed actor retries: replay eligibility, claims, deduplication, budgets, observers or backoff require absent service protocol.",src/workerd/api/actor-call-retry-test.c++;src/workerd/api/actor-call-retry.c++;src/workerd/api/actor-call-retry.h;src/workerd/api/actor-fetch-retry-test.c++;src/workerd/api/actor.c++;src/workerd/api/actor.h;src/workerd/api/export-loopback.h;src/workerd/api/http.c++;src/workerd/api/http.h;src/workerd/api/worker-rpc.c++;src/workerd/server/server-test.c++;src/workerd/server/server.c++;src/workerd/server/workerd-api.c++;src/workerd/server/workerd-api.h;src/workerd/server/workerd.capnp;src/workerd/util/autogate.h
c412de2a64e627ca65a0d5ebff0a14a9dc599695,1f6faa79bc3dfc266c3bc1d2f9149699e6c5f819,STOR-5615: Cap actor retry backoff and pin redirect semantics,"Distributed actor retries: replay eligibility, claims, deduplication, budgets, observers or backoff require absent service protocol.",src/workerd/api/actor-call-retry.c++;src/workerd/api/actor-call-retry.h;src/workerd/api/actor-fetch-retry-test.c++
911aada4e6c9d9527bce98258156a04387d4e093,84338b9898770a47fea7495ed5d443989abc4001 1f6faa79bc3dfc266c3bc1d2f9149699e6c5f819,Merge pull request #7348 from cloudflare/jmorrell/add-span-status,Merge topology: component commits are indexed separately; final endpoint diff reviewed.,
1f6faa79bc3dfc266c3bc1d2f9149699e6c5f819,84338b9898770a47fea7495ed5d443989abc4001,- Introduces a new STW event `spanUpdate` to mirror `spanOpen` and `spanClose`. Currently only supports updating `name` and `status` but could be expanded to other properties if there is ever a need.,Ported public no-op tracing Span.updateName/setStatus shape and validation; native spanUpdate delivery stays host-owned.,src/cloudflare/internal/test/instrumentation-test-helper.js;src/cloudflare/internal/test/tracing/tracing-helpers-instrumentation-test.js;src/cloudflare/internal/test/tracing/tracing-helpers-test.js;src/cloudflare/internal/tracing.d.ts;src/workerd/api/tracing.c++;src/workerd/api/tracing.h;src/workerd/io/trace-stream.c++;src/workerd/io/trace-test.c++;src/workerd/io/trace.c++;src/workerd/io/trace.capnp;src/workerd/io/trace.h;src/workerd/io/tracer.c++;src/workerd/io/tracer.h;src/workerd/io/worker-interface.capnp;src/workerd/server/server.c++;types/defines/trace.d.ts;types/generated-snapshot/experimental/index.d.ts;types/generated-snapshot/experimental/index.ts;types/generated-snapshot/index.d.ts;types/generated-snapshot/index.ts
84338b9898770a47fea7495ed5d443989abc4001,8f21ea80381bd1f18b3435044ed0465b9c0c3837 354a44cfdda95115b6931d30d7f493915826441b,Merge pull request #7497 from cloudflare/apeacock/actor-claim-after-construction,Merge topology: component commits are indexed separately; final endpoint diff reviewed.,
8f21ea80381bd1f18b3435044ed0465b9c0c3837,2854260cc733986a2970978eb99008f97c566f75 fdfeb04318a0ed9544e101c73f6b72f98cba9a81,Merge pull request #7500 from cloudflare/jasnell/ts-streams-pipe-abort-algorithm,Merge topology: component commits are indexed separately; final endpoint diff reviewed.,
2854260cc733986a2970978eb99008f97c566f75,31ff41bf0feba707adf9a270afb0bf16c0253750 7b7aa5d402a7900c224aead5a7725e69b2beb581,Merge pull request #7501 from cloudflare/jasnell/ts-streams-pipe-dest-erroring-pin,Merge topology: component commits are indexed separately; final endpoint diff reviewed.,
31ff41bf0feba707adf9a270afb0bf16c0253750,46d157f449b6af52467709dce23ea37ac50cbbc6,[build] Update boringssl,"Build, dependency, release tooling or documentation: no local runtime behavior port.",build/deps/deps.jsonc;build/deps/gen/deps.MODULE.bazel
354a44cfdda95115b6931d30d7f493915826441b,bd8b075cb810bc10c277e11c1b526ba3966a8cbe,Claim DO retry tokens after actor construction,"Distributed actor retries: replay eligibility, claims, deduplication, budgets, observers or backoff require absent service protocol.",src/workerd/api/jsrpc-call-plan-test.c++;src/workerd/api/worker-rpc.c++;src/workerd/api/worker-rpc.h;src/workerd/io/observer.h;src/workerd/io/worker-entrypoint-test.c++;src/workerd/io/worker-entrypoint.c++;src/workerd/jsg/exception.h
1a059cdc6aec4bba43e538065ec2e16a7921e7c3,98e502f88a4be357deef678d8341f7e93ef4d843,Close a native stream at the handoff of its data,Host Node compatibility implementation/tests: runtime does not port node modules; browser AsyncResource exception screened separately.,src/per_isolate/webstreams/AGENTS.md;src/per_isolate/webstreams/readable.ts;src/tests/node/stream/AGENTS.md;src/tests/node/stream/finished-and-abort.js;src/tests/node/stream/main.js;src/tests/streams/sockets/AGENTS.md;src/tests/streams/sockets/main.js;src/tests/streams/sockets/socket-streams.js
46d157f449b6af52467709dce23ea37ac50cbbc6,c61cc1a75ba072f47827db38653286d0e9b21a92,[build] Increase link parallelism again,"Build, dependency, release tooling or documentation: no local runtime behavior port.",build/kj_test.bzl;build/wd_cc_benchmark.bzl;build/wd_cc_binary.bzl;build/wd_rust_binary.bzl;build/wd_rust_proc_macro.bzl;build/wd_rust_test.bzl
c61cc1a75ba072f47827db38653286d0e9b21a92,98e502f88a4be357deef678d8341f7e93ef4d843 bd8b075cb810bc10c277e11c1b526ba3966a8cbe,Merge pull request #7430 from cloudflare/apeacock/jsrpc-call-retries,Merge topology: component commits are indexed separately; final endpoint diff reviewed.,
7b7aa5d402a7900c224aead5a7725e69b2beb581,98e502f88a4be357deef678d8341f7e93ef4d843,Pin that a pipe waits for an erroring destination's in-flight write,Host streams/compression implementation or tests: native WHATWG streams/Capn Web supply local substrate; no KJ pump port.,src/tests/streams/piping/AGENTS.md;src/tests/streams/piping/close-propagation.js;src/tests/streams/piping/main.js
fdfeb04318a0ed9544e101c73f6b72f98cba9a81,98e502f88a4be357deef678d8341f7e93ef4d843,Observe the pipe's AbortSignal through an abort algorithm,Native stream pipe abort algorithm; local actor cancellation already uses dependent AbortSignal through onAbort.,src/per_isolate/per_isolate-env.d.ts;src/per_isolate/webstreams/readable.ts;src/tests/streams/piping/AGENTS.md;src/tests/streams/piping/abort-signal.js;src/tests/streams/piping/main.js;src/tests/streams/piping/piping-modules.capnp;src/workerd/api/BUILD.bazel;src/workerd/api/abort-bootstrap.h;src/workerd/api/basics-test.c++;src/workerd/api/basics.c++;src/workerd/api/basics.h;src/workerd/io/per-isolate-bootstrap.c++
98e502f88a4be357deef678d8341f7e93ef4d843,dd58d5b952a07b50b0ab33f2b890926f40ab3fa4 38cdda9435869ffc8d32a8ffbe4e964522bb12c9,Merge pull request #7463 from cloudflare/ketan/interal-build-update,Merge topology: component commits are indexed separately; final endpoint diff reviewed.,
bd8b075cb810bc10c277e11c1b526ba3966a8cbe,20e7df49ed747f2c1f604de54508fb2a96244497,STOR-5489: Retry Durable Object RPC property reads,"Distributed actor retries: replay eligibility, claims, deduplication, budgets, observers or backoff require absent service protocol.",src/workerd/api/jsrpc-call-observation-test.c++;src/workerd/api/jsrpc-call-plan-test.c++;src/workerd/api/jsrpc-call-retry-test.c++;src/workerd/api/worker-rpc.c++;src/workerd/api/worker-rpc.h
20e7df49ed747f2c1f604de54508fb2a96244497,d0615a138dc01cdec6a967ec9b48e901662407af,STOR-5489: Retry Durable Object RPC calls,"Distributed actor retries: replay eligibility, claims, deduplication, budgets, observers or backoff require absent service protocol.",src/workerd/api/BUILD.bazel;src/workerd/api/http.h;src/workerd/api/jsrpc-call-observation-test.c++;src/workerd/api/jsrpc-call-plan-test.c++;src/workerd/api/jsrpc-call-retry-test.c++;src/workerd/api/worker-rpc.c++;src/workerd/api/worker-rpc.h;src/workerd/io/observer.h;src/workerd/util/autogate.h;src/workerd/util/completion-membrane.h
d0615a138dc01cdec6a967ec9b48e901662407af,f6e4947250f0da81054b9f701481fa2384cfe755,STOR-5489: Handle committed actor retry failures,"Distributed actor retries: replay eligibility, claims, deduplication, budgets, observers or backoff require absent service protocol.",src/workerd/api/actor-call-retry-test.c++;src/workerd/api/actor-call-retry.c++;src/workerd/api/actor-call-retry.h
f6e4947250f0da81054b9f701481fa2384cfe755,dd58d5b952a07b50b0ab33f2b890926f40ab3fa4,STOR-5489: Cover actor retry ambiguity,"Distributed actor retries: replay eligibility, claims, deduplication, budgets, observers or backoff require absent service protocol.",src/workerd/api/actor-call-retry-test.c++
38cdda9435869ffc8d32a8ffbe4e964522bb12c9,3173ee7bba1690e7f876e2c98092512b5df05596,Only run internal build for necessary paths,Separate Workflows service/types: no local engine; ambient contract comes from updated Workers types.,.github/workflows/internal-build.yml
dd58d5b952a07b50b0ab33f2b890926f40ab3fa4,48ef4984b3705e654e93856c6ff01905432dd578,add some deserialization diagnostics (#7486),Native V8 deserializer header diagnostics; local storage codec deliberately uses a separate versioned wire format.,src/workerd/api/worker-rpc.c++;src/workerd/io/frankenvalue-test.c++;src/workerd/io/frankenvalue.c++;src/workerd/jsg/README.md;src/workerd/jsg/ser-test.c++;src/workerd/jsg/ser.c++;src/workerd/jsg/ser.h
48ef4984b3705e654e93856c6ff01905432dd578,6b39c33959747115660cb84c76d0b137448b0825 718f53105ec99d2f9f0c88b66316e6b611fa2a2f,Merge pull request #7301 from cloudflare/rinkle/RM-30088-workerd-io-task-eviction,Merge topology: component commits are indexed separately; final endpoint diff reviewed.,
6b39c33959747115660cb84c76d0b137448b0825,b1c639d1fd2b198516beaf3b6f4c4a6d671ff27b 1ff0fd78e400dfeadc018e22e583a1ca07c21e89,Merge pull request #7479 from cloudflare/jasnell/ts-streams-released-bytes-with-chunk,Merge topology: component commits are indexed separately; final endpoint diff reviewed.,
1ff0fd78e400dfeadc018e22e583a1ca07c21e89,b1c639d1fd2b198516beaf3b6f4c4a6d671ff27b,Queue the chunk before filling reads with released bytes,Host streams/compression implementation or tests: native WHATWG streams/Capn Web supply local substrate; no KJ pump port.,src/per_isolate/webstreams/native.ts;src/per_isolate/webstreams/queue.ts;src/per_isolate/webstreams/readable.ts;src/tests/streams/readable-byte/AGENTS.md;src/tests/streams/readable-byte/main.js;src/tests/streams/readable-byte/release-relock.js;src/tests/streams/readable-byte/tee.js
b1c639d1fd2b198516beaf3b6f4c4a6d671ff27b,8942c412c63cfe1109da7e4c5b3f3d2a3e1eb1dc 90c842c43ccf6dbfe0a46ade6c3472e884835bb7,Merge pull request #7478 from cloudflare/jasnell/ts-streams-held-byob-request-across-tee,Merge topology: component commits are indexed separately; final endpoint diff reviewed.,
90c842c43ccf6dbfe0a46ade6c3472e884835bb7,8942c412c63cfe1109da7e4c5b3f3d2a3e1eb1dc,Keep a byobRequest held across tee() working,Host streams/compression implementation or tests: native WHATWG streams/Capn Web supply local substrate; no KJ pump port.,src/per_isolate/webstreams/AGENTS.md;src/per_isolate/webstreams/queue.ts;src/per_isolate/webstreams/readable.ts;src/tests/streams/readable-byte/AGENTS.md;src/tests/streams/readable-byte/helpers.js;src/tests/streams/readable-byte/main.js;src/tests/streams/readable-byte/tee.js
8942c412c63cfe1109da7e4c5b3f3d2a3e1eb1dc,47d665f79cc89d1297e7adf65d4a8ccdcdb9c589 1b9b6ea023367d92591c1b51658d89eca4b41a23,Merge pull request #7493 from cloudflare/jhoward/increase-sqlite-row-limit,Merge topology: component commits are indexed separately; final endpoint diff reviewed.,
47d665f79cc89d1297e7adf65d4a8ccdcdb9c589,920e9871ecf29e8a9db68cbc525e072e0e9ed41d 085a080322db230141863a57765f70a9ee98127a,Merge pull request #7477 from cloudflare/jasnell/ts-streams-auto-allocate-queued-reads,Merge topology: component commits are indexed separately; final endpoint diff reviewed.,
920e9871ecf29e8a9db68cbc525e072e0e9ed41d,115580d5af0d6644c264dd6afd55a135c3e17502,bump reviewer to opus 5.5,Separate Workflows service/types: no local engine; ambient contract comes from updated Workers types.,.github/workflows/bigbonk.yml
115580d5af0d6644c264dd6afd55a135c3e17502,556b36c0f69fefe1f37dff254c0914e93d8f0442 733da15eda1cf03c1abcdebd95718d9732a48200,Merge pull request #7476 from cloudflare/jasnell/ts-streams-tee-slowest-backpressure,Merge topology: component commits are indexed separately; final endpoint diff reviewed.,
556b36c0f69fefe1f37dff254c0914e93d8f0442,91437b139233fd06ba2dcdda142503eafc37b0f5,Collect coverage from tests that run the Rust workerd binary,"Build, dependency, release tooling or documentation: no local runtime behavior port.",.bazelrc;build/deps/build_deps.jsonc;build/deps/gen/build_deps.MODULE.bazel;build/wd_rust_binary.bzl;patches/rules_rust/0001-Propagate-coverage-info-through-link_deps.patch
91437b139233fd06ba2dcdda142503eafc37b0f5,e03943a61167dd5b9981d109a1a35eebc24a0071,Update the docs and comments that name the CLI's files,"Native JSG/V8/Rust/KJ implementation, build or tests: ownership, GC and event-loop substrate is host-owned.",docs/jsg.md;src/rust/AGENTS.md;src/rust/cxx/kj-rs-io/async-io.c++;src/rust/cxx/kj-rs-io/async-io.h;src/rust/cxx/kj-rs-io/lib.rs;src/rust/cxx/kj-rs-io/signal.rs;src/rust/cxx/kj-rs-io/watcher.rs;src/workerd/server/AGENTS.md;src/workerd/server/server.h;src/workerd/server/workerd.capnp;src/workerd/util/setup-async-io-test.c++
e03943a61167dd5b9981d109a1a35eebc24a0071,3b71d19db3127ccb948b7c53f9294e8cd3c7ae9c,Make workerd's entry point Rust,Native workerd CLI moved to Rust; library runtime has no CLI/bootstrap implementation to port.,.clang-tidy;src/workerd/server/BUILD.bazel;src/workerd/server/cli-main.c++;src/workerd/server/cli-main.h;src/workerd/server/cli/args.rs;src/workerd/server/cli/bridge.rs;src/workerd/server/cli/config.rs;src/workerd/server/cli/lib.rs;src/workerd/server/cli/process.rs;src/workerd/server/cli/socket_fd.rs;src/workerd/server/cli/socket_fd/unix.rs;src/workerd/server/cli/socket_fd/windows.rs;src/workerd/server/cli/watch.rs;src/workerd/server/config-compiler.c++;src/workerd/server/config-compiler.h;src/workerd/server/schema-file.h;src/workerd/server/workerd.rs
3b71d19db3127ccb948b7c53f9294e8cd3c7ae9c,fdc4611e6d8572663cc2f830094f79bcef02bfd8,Rename workerd.c++ to cli-main.c++,Native build/tooling/refactor or KJ ownership primitive: no additional local public behavior.,src/workerd/server/BUILD.bazel;src/workerd/server/cli-main.c++
fdc4611e6d8572663cc2f830094f79bcef02bfd8,578972cf1c3ae7af90a4ad77a0c6f4a50c5f1950,Move the schema-file classes out of workerd.c++,Native build/tooling/refactor or KJ ownership primitive: no additional local public behavior.,src/workerd/server/BUILD.bazel;src/workerd/server/schema-file.c++;src/workerd/server/schema-file.h;src/workerd/server/workerd.c++
578972cf1c3ae7af90a4ad77a0c6f4a50c5f1950,28a0e03930fd0683681cc8bf3da47f8eabb45a32,kj-rs-io: expose the file watcher and error text to Rust callers,"Native JSG/V8/Rust/KJ implementation, build or tests: ownership, GC and event-loop substrate is host-owned.",src/rust/cxx/kj-rs-io/error.rs;src/rust/cxx/kj-rs-io/lib.rs
28a0e03930fd0683681cc8bf3da47f8eabb45a32,6ade48f76daa8329ad5876cad785a4c26318223f,"kj-rs-io: ""loopback:"" addresses, used by `workerd test`","Native JSG/V8/Rust/KJ implementation, build or tests: ownership, GC and event-loop substrate is host-owned.",src/rust/cxx/AGENTS.md;src/rust/cxx/kj-rs-io/async-io.c++;src/rust/cxx/kj-rs-io/async-io.h;src/rust/cxx/kj-rs-io/ffi.rs;src/rust/cxx/kj-rs-io/lib.rs;src/rust/cxx/kj-rs-io/loopback.rs;src/rust/cxx/kj-rs-io/net.rs;src/rust/cxx/kj-rs-io/tests/async-io-test.c++;src/workerd/server/workerd.c++
085a080322db230141863a57765f70a9ee98127a,cb14d558d712aa1833c7a8f865f0f79b99030cc9,Take queued bytes whole on auto-allocate default reads,Host streams/compression implementation or tests: native WHATWG streams/Capn Web supply local substrate; no KJ pump port.,src/per_isolate/webstreams/readable.ts;src/tests/streams/readable-byte/AGENTS.md;src/tests/streams/readable-byte/byob-reader.js;src/tests/streams/readable-byte/main.js
6ade48f76daa8329ad5876cad785a4c26318223f,cb14d558d712aa1833c7a8f865f0f79b99030cc9,Release 2026-09-24,Release metadata: oracle/types pinned at final release; compatibility date not advanced.,src/workerd/io/maximum-compatibility-date.txt;src/workerd/io/release-version.txt
733da15eda1cf03c1abcdebd95718d9732a48200,cb14d558d712aa1833c7a8f865f0f79b99030cc9,Document and pin slowest-branch tee backpressure,Host streams/compression implementation or tests: native WHATWG streams/Capn Web supply local substrate; no KJ pump port.,src/per_isolate/webstreams/AGENTS.md;src/tests/streams/readable/AGENTS.md;src/tests/streams/readable/main.js;src/tests/streams/readable/tee.js
1b9b6ea023367d92591c1b51658d89eca4b41a23,c889d1dd2322420cb5c58740dc28ab20b6a7f681,Increase the SQLite row limit to 8 MiB,Ported: SQLite length limit 8 MiB + 34 bytes; shared constant reaches Node and WASM adapters.,src/workerd/io/actor-sqlite-test.c++;src/workerd/util/sqlite-kv-test.c++;src/workerd/util/sqlite.c++;src/workerd/util/sqlite.h
cb14d558d712aa1833c7a8f865f0f79b99030cc9,78d4a26acbe6bc970a627607db288bd41a9f4857 3dbc959b4d47a52584598a771e14d11e83e645e7,Merge pull request #7475 from cloudflare/jasnell/ts-streams-async-iterator-order,Merge topology: component commits are indexed separately; final endpoint diff reviewed.,
3dbc959b4d47a52584598a771e14d11e83e645e7,78d4a26acbe6bc970a627607db288bd41a9f4857,Pin async iterator interleavings that follow WebIDL,Host streams/compression implementation or tests: native WHATWG streams/Capn Web supply local substrate; no KJ pump port.,src/tests/streams/readable/AGENTS.md;src/tests/streams/readable/async-iteration.js;src/tests/streams/readable/main.js
718f53105ec99d2f9f0c88b66316e6b611fa2a2f,d02b8e4e643af94e572d8d429ce146ddaa5b89ab,Add actor wait-until task lifetime tracking,"Host seam: optional per-waitUntil lifetime handles for eviction policy; local task count and drain already exist, no bounded eviction service.",src/workerd/io/BUILD.bazel;src/workerd/io/io-context-task-test.c++;src/workerd/io/io-context.c++;src/workerd/io/worker.c++;src/workerd/io/worker.h;src/workerd/tests/test-fixture.c++;src/workerd/tests/test-fixture.h
d02b8e4e643af94e572d8d429ce146ddaa5b89ab,78d4a26acbe6bc970a627607db288bd41a9f4857,Add Durable Object I/O task eviction compat flag,Host policy: introduces opt-in eviction tracking flag; optional native WaitUntilTaskTracker has no local policy owner.,src/workerd/io/compatibility-date-test.c++;src/workerd/io/compatibility-date.capnp
78d4a26acbe6bc970a627607db288bd41a9f4857,fcf94867d5f30a404f18f38a36322172e989aece acec568cd3960ca2c6dca3e145fa6dbd935a2018,Merge pull request #7474 from cloudflare/jasnell/ts-streams-resizable-buffers,Merge topology: component commits are indexed separately; final endpoint diff reviewed.,
fcf94867d5f30a404f18f38a36322172e989aece,dafe64028652bb04dbec82dd0fd833e16c762972,Skip building an unobservable XThreadWaitList rejection,Native build/tooling/refactor or KJ ownership primitive: no additional local public behavior.,src/workerd/util/wait-list-test.c++;src/workerd/util/wait-list.c++;src/workerd/util/wait-list.h;src/workerd/util/xthread-wait-list-test.c++
acec568cd3960ca2c6dca3e145fa6dbd935a2018,dafe64028652bb04dbec82dd0fd833e16c762972,Transfer byte-stream buffers to fixed length,Host Node compatibility implementation/tests: runtime does not port node modules; browser AsyncResource exception screened separately.,src/per_isolate/primordials.ts;src/per_isolate/webstreams/queue.ts;src/per_isolate/webstreams/readable.ts;src/tests/node/net/AGENTS.md;src/tests/node/net/main.js;src/tests/node/net/onread.js;src/tests/streams/readable-byte/AGENTS.md;src/tests/streams/readable-byte/buffer-lifecycle.js;src/tests/streams/readable-byte/main.js
dafe64028652bb04dbec82dd0fd833e16c762972,3447953857c69665a8a35cbad27ec9b594b44531 d5856b89723f092bb9c28de76aced860e26f4bba,Merge pull request #7473 from cloudflare/jasnell/ts-streams-branch-error-callback,Merge topology: component commits are indexed separately; final endpoint diff reviewed.,
3447953857c69665a8a35cbad27ec9b594b44531,c889d1dd2322420cb5c58740dc28ab20b6a7f681 65e5eb999202e78b29dba6628f59ee5e81026b05,Merge pull request #7492 from cloudflare/websearch-forward-account-id,Merge topology: component commits are indexed separately; final endpoint diff reviewed.,
d5856b89723f092bb9c28de76aced860e26f4bba,9ae1f7fb12cab3cf77334973e7c0b07c6894bd8f,One additional node streams test,Host Node compatibility implementation/tests: runtime does not port node modules; browser AsyncResource exception screened separately.,src/tests/node/stream/AGENTS.md;src/tests/node/stream/finished-and-abort.js;src/tests/node/stream/main.js
65e5eb999202e78b29dba6628f59ee5e81026b05,13489ec2b2158fb5bc7e8183f7223fd53ea6d767,Use a class-based AI RPC mock,Ambient/service type contract or tests: supplied by updated Workers types; no matching local service implementation.,src/cloudflare/internal/test/ai/ai-mock.js
13489ec2b2158fb5bc7e8183f7223fd53ea6d767,9022f4dc45485e2b2fc619171674ae7065b6213c,Format web search mock,Ambient/service type contract or tests: supplied by updated Workers types; no matching local service implementation.,src/cloudflare/internal/test/ai/ai-mock.js
9022f4dc45485e2b2fc619171674ae7065b6213c,c889d1dd2322420cb5c58740dc28ab20b6a7f681,Forward web search RPC params,Separate Cloudflare product binding/types/tests: service remains host-owned; ambient types updated with oracle.,src/cloudflare/internal/ai-api.ts;src/cloudflare/internal/test/ai/ai-api-test.js;src/cloudflare/internal/test/ai/ai-mock.js
9ae1f7fb12cab3cf77334973e7c0b07c6894bd8f,71b390c76ed3ea55f71dea99765e31b9d3873d04,Additional refinement on the ts streams tee error handling,Host streams/compression implementation or tests: native WHATWG streams/Capn Web supply local substrate; no KJ pump port.,src/per_isolate/webstreams/AGENTS.md;src/per_isolate/webstreams/queue.ts;src/per_isolate/webstreams/readable.ts;src/tests/streams/readable-byte/AGENTS.md;src/tests/streams/readable-byte/controller.js;src/tests/streams/readable-byte/main.js;src/tests/streams/readable-byte/tee.js
71b390c76ed3ea55f71dea99765e31b9d3873d04,a3d517dc0e1b90f824c8eb204a2a1e2a8551fd86,Place readableStreamErrorBranch ahead of the tee dispatch comment,Host streams/compression implementation or tests: native WHATWG streams/Capn Web supply local substrate; no KJ pump port.,src/per_isolate/webstreams/readable.ts
a3d517dc0e1b90f824c8eb204a2a1e2a8551fd86,c889d1dd2322420cb5c58740dc28ab20b6a7f681,Error a tee branch or detached byte stream on a fractional fill at close,Host streams/compression implementation or tests: native WHATWG streams/Capn Web supply local substrate; no KJ pump port.,src/per_isolate/webstreams/queue.ts;src/per_isolate/webstreams/readable.ts;src/tests/streams/readable-byte/AGENTS.md;src/tests/streams/readable-byte/controller.js;src/tests/streams/readable-byte/main.js;src/tests/streams/readable-byte/tee.js
c889d1dd2322420cb5c58740dc28ab20b6a7f681,b57a78af8b44cc0fa46edae495d6f5724cc97282 1c246981e264c05b623c692b1773baafc5d61b24,Merge pull request #7434 from cloudflare/jolio/use-weak-sel-6oxbqz,Merge topology: component commits are indexed separately; final endpoint diff reviewed.,
b57a78af8b44cc0fa46edae495d6f5724cc97282,cb62c89890547cfcceb1907485f50c4b9bc732ab 071cd12005c8b3ab9032e8c60c6b27d3104a2d10,Merge pull request #7472 from cloudflare/maizatskyi/2026-09-22-update-capnproto,Merge topology: component commits are indexed separately; final endpoint diff reviewed.,
cb62c89890547cfcceb1907485f50c4b9bc732ab,62935d76771b2361e507c7f18f064c5bab43c314 9ae136fa0b9c7ecb8557f0405cb6ae34366f5643,Merge pull request #7484 from cloudflare/apeacock/jsrpc-retry-buffer-capacity,Merge topology: component commits are indexed separately; final endpoint diff reviewed.,
62935d76771b2361e507c7f18f064c5bab43c314,c3f0074f43314583ea2ffd5da218a0dbb5a5451b,[o11y] Add `undefined` to tailStream return types,"Ambient type widening: tailStream may return undefined; supplied by Workers types pin, no local tail-stream service.",src/workerd/api/global-scope.h;types/defines/rpc.d.ts;types/generated-snapshot/experimental/index.d.ts;types/generated-snapshot/experimental/index.ts;types/generated-snapshot/index.d.ts;types/generated-snapshot/index.ts
c3f0074f43314583ea2ffd5da218a0dbb5a5451b,3b647746ae45364834fd04cc7e0228c22496dff5 2ff63bad390cd746fcf8b7fccf501ea80642d8f6,Merge pull request #7470 from danielmlr/fix/message-event-init-null-source,Merge topology: component commits are indexed separately; final endpoint diff reviewed.,
071cd12005c8b3ab9032e8c60c6b27d3104a2d10,3b647746ae45364834fd04cc7e0228c22496dff5,capnproto update,"Native JSG/V8/Rust/KJ implementation, build or tests: ownership, GC and event-loop substrate is host-owned.",build/deps/gen/deps.MODULE.bazel;src/rust/cxx/gen/src/write.rs;src/rust/cxx/kj-rs/maybe.rs;src/rust/cxx/kj-rs/refcount.rs;src/rust/cxx/kj-rs/tests/lib.rs;src/rust/cxx/kj-rs/tests/test-refcount.c++;src/rust/cxx/kj-rs/tests/test-refcount.h;src/rust/cxx/kj-rs/tests/test_refcount.rs
3b647746ae45364834fd04cc7e0228c22496dff5,d93eab6d391f4c4c153f15c80e4f6ca205fbdad9 2d6fc5717647cc48f78490f24ce27d05c53dc653,Merge pull request #7481 from cloudflare/maizatskyi/2026-09-22-tsan-history,Merge topology: component commits are indexed separately; final endpoint diff reviewed.,
d93eab6d391f4c4c153f15c80e4f6ca205fbdad9,db6465f24cdd4901dbe5cba2ee081f7ead254e13 40507849dc4bf8b74cfc76b775a67541c2ee75bf,Merge pull request #7487 from cloudflare/trubini/fix_udp_connect_tracer,Merge topology: component commits are indexed separately; final endpoint diff reviewed.,
db6465f24cdd4901dbe5cba2ee081f7ead254e13,9be8b36835484f0466509fd9cc657f8fef3e8c86,Merge pull request #7450 from Phanatic/aig-web-search,Separate Cloudflare product binding/types/tests: service remains host-owned; ambient types updated with oracle.,src/cloudflare/internal/ai-api.ts;src/cloudflare/internal/test/ai/ai-api-test.js;src/cloudflare/internal/test/ai/ai-mock.js;types/defines/ai.d.ts;types/generated-snapshot/experimental/index.d.ts;types/generated-snapshot/experimental/index.ts;types/generated-snapshot/index.d.ts;types/generated-snapshot/index.ts;types/test/types/ai.ts
40507849dc4bf8b74cfc76b775a67541c2ee75bf,18d3f94faa272849073107bcb8db17072a06637e,fix: avoid initializing the UDP connect tracer twice,Host TCP/UDP/TLS transport or tests: no local cloudflare:sockets/connect event substrate.,src/workerd/api/sockets.c++
9be8b36835484f0466509fd9cc657f8fef3e8c86,9a6bd998223b6ca755bce8d66e687dcec6fe9ee7 7d9d512c96e5f150b576c570652c434013fd4a45,Merge pull request #7151 from cloudflare/jolio/preserve-vfs-r2y25y,Merge topology: component commits are indexed separately; final endpoint diff reviewed.,
9ae136fa0b9c7ecb8557f0405cb6ae34366f5643,d81212bae67ad29e9fab6f2cc8c4998c6f1e37a1,STOR-5489: Format serializer capacity changes,"Distributed actor retries: replay eligibility, claims, deduplication, budgets, observers or backoff require absent service protocol.",src/workerd/api/jsrpc-call-plan-test.c++;src/workerd/api/worker-rpc.c++;src/workerd/jsg/ser.c++;src/workerd/jsg/ser.h
d81212bae67ad29e9fab6f2cc8c4998c6f1e37a1,9a6bd998223b6ca755bce8d66e687dcec6fe9ee7,STOR-5489: Account for RPC serializer capacity,"Distributed actor retries: replay eligibility, claims, deduplication, budgets, observers or backoff require absent service protocol.",src/workerd/api/jsrpc-call-plan-test.c++;src/workerd/api/worker-rpc.c++;src/workerd/api/worker-rpc.h;src/workerd/jsg/ser.c++;src/workerd/jsg/ser.h
9a6bd998223b6ca755bce8d66e687dcec6fe9ee7,3f4f4eddc9237a4ca80530a33139999b1f295f9b 50c66ec0abf638f0734fde9b159ee8c659ddbe5e,Merge pull request #7445 from cloudflare/erikcorry/multi-group,Merge topology: component commits are indexed separately; final endpoint diff reviewed.,
3f4f4eddc9237a4ca80530a33139999b1f295f9b,86d612ef7d904e1fe49be5097f0410f7f013f69f e34b9662c7cd30e3b50f2353e439227bb05f21b6,Merge pull request #7461 from ghostwriternr/fix/local-system-image-pull,Merge topology: component commits are indexed separately; final endpoint diff reviewed.,
e34b9662c7cd30e3b50f2353e439227bb05f21b6,86d612ef7d904e1fe49be5097f0410f7f013f69f,Pull local system images before create,Separate Docker Containers service/client or tests: unrelated to local actor execution container.,src/workerd/server/container-client.c++;src/workerd/server/tests/container-client/test.js
50c66ec0abf638f0734fde9b159ee8c659ddbe5e,86d612ef7d904e1fe49be5097f0410f7f013f69f,Use fresh isolate groups when available.,"Native JSG/V8/Rust/KJ implementation, build or tests: ownership, GC and event-loop substrate is host-owned.",src/workerd/jsg/jsg-test.h;src/workerd/jsg/modules-new-test.c++;src/workerd/jsg/multiple-typewrappers-test.c++;src/workerd/jsg/setup-test.c++;src/workerd/jsg/setup.c++;src/workerd/jsg/setup.h;src/workerd/server/server.c++;src/workerd/tests/test-fixture.c++
86d612ef7d904e1fe49be5097f0410f7f013f69f,4bce6737323ab105890e4f69a652ef2343dde490 3e937ba26f0767d87994d8977cf741ab5ab2d084,Merge pull request #7471 from cloudflare/jasnell/ts-streams-native-tee-in-flight,Merge topology: component commits are indexed separately; final endpoint diff reviewed.,
4bce6737323ab105890e4f69a652ef2343dde490,91e4d4e2bf834cb39dc5a96aa69662e3042cad2c,Release 2026-09-23,Release metadata: oracle/types pinned at final release; compatibility date not advanced.,src/workerd/io/maximum-compatibility-date.txt;src/workerd/io/release-version.txt
3e937ba26f0767d87994d8977cf741ab5ab2d084,91e4d4e2bf834cb39dc5a96aa69662e3042cad2c,Allow tee() of a native body with an abandoned read in flight,Host streams/compression implementation or tests: native WHATWG streams/Capn Web supply local substrate; no KJ pump port.,src/per_isolate/webstreams/native.ts;src/tests/streams/readable-byte/AGENTS.md;src/tests/streams/readable-byte/main.js;src/tests/streams/readable-byte/tee.js;src/workerd/api/js-readable-stream-test.c++;src/workerd/api/js-readable-stream.c++;src/workerd/api/js-readable-stream.h
91e4d4e2bf834cb39dc5a96aa69662e3042cad2c,dab74a440225484c37495d3ea35e3423414c1f6f 2c5cd0a6d403e0b8dd1694a848033cab77708ab4,Merge pull request #7469 from cloudflare/jasnell/ts-streams-native-byob-elements,Merge topology: component commits are indexed separately; final endpoint diff reviewed.,
2d6fc5717647cc48f78490f24ce27d05c53dc653,dab74a440225484c37495d3ea35e3423414c1f6f,[tsan] increase tsan history,"Build, dependency, release tooling or documentation: no local runtime behavior port.",.bazelrc
2c5cd0a6d403e0b8dd1694a848033cab77708ab4,dab74a440225484c37495d3ea35e3423414c1f6f,Deliver whole elements from native BYOB reads with multi-byte views,Host streams/compression implementation or tests: native WHATWG streams/Capn Web supply local substrate; no KJ pump port.,src/per_isolate/webstreams/native.ts;src/tests/streams/readable-byte/AGENTS.md;src/tests/streams/readable-byte/byob-reader.js;src/tests/streams/readable-byte/main.js;src/workerd/api/js-readable-stream-test.c++;src/workerd/api/js-readable-stream.c++;src/workerd/api/js-readable-stream.h
dab74a440225484c37495d3ea35e3423414c1f6f,119c71572526bbe59de89f2a6f22387766470f81 bd3e6e0e27ac50b96addf1b18def7235496935db,Merge pull request #7468 from cloudflare/jasnell/ts-streams-read-view-cancelled,Merge topology: component commits are indexed separately; final endpoint diff reviewed.,
119c71572526bbe59de89f2a6f22387766470f81,8a969e7ec0ccc1da9d577107f96f4c0177461c1a 24e18bcdda4f6277a385f90fd79fcb38d50f5505,Merge pull request #7467 from cloudflare/jasnell/ts-streams-closed-after-tail,Merge topology: component commits are indexed separately; final endpoint diff reviewed.,
bd3e6e0e27ac50b96addf1b18def7235496935db,fcb57db83a17fd673ed8b706761e5cfe263bae13,Enumerate a primitive expected value in WPT assert_object_equals,Upstream conformance/test infrastructure: host behavior; relevant local contracts verified separately.,src/wpt/harness/assertions.ts
fcb57db83a17fd673ed8b706761e5cfe263bae13,d977442d71897597af6736de4462bd4d21ba07d4,Match upstream testharness semantics in WPT assert_object_equals,Host streams/compression implementation or tests: native WHATWG streams/Capn Web supply local substrate; no KJ pump port.,src/tests/streams/readable-byte/AGENTS.md;src/tests/streams/readable-byte/js-compat.js;src/wpt/harness/assertions.ts;src/wpt/streams-test-ts.ts;src/wpt/streams-test.ts
d977442d71897597af6736de4462bd4d21ba07d4,8a969e7ec0ccc1da9d577107f96f4c0177461c1a,Return an empty view from read(view) on a cancelled byte stream,Host streams/compression implementation or tests: native WHATWG streams/Capn Web supply local substrate; no KJ pump port.,src/per_isolate/webstreams/readable.ts;src/tests/streams/readable-byte/AGENTS.md;src/tests/streams/readable-byte/controller.js;src/tests/streams/readable-byte/main.js;src/wpt/streams-test-ts.ts;src/wpt/streams-test.ts
8a969e7ec0ccc1da9d577107f96f4c0177461c1a,3a7c0c2da4b024c841fa13ca276987dd48e2fe27 fcc475a13c21ac970437c121bf74e19b773007ea,Merge pull request #7465 from cloudflare/jasnell/ts-streams-respond-settle-order,Merge topology: component commits are indexed separately; final endpoint diff reviewed.,
24e18bcdda4f6277a385f90fd79fcb38d50f5505,48e0c97b036442a1c26d0f8fae8020931bc67a12,Correct readable-byte ledger #19: the unfilled BYOB read settles on both sides,Host streams/compression implementation or tests: native WHATWG streams/Capn Web supply local substrate; no KJ pump port.,src/tests/streams/readable-byte/AGENTS.md
48e0c97b036442a1c26d0f8fae8020931bc67a12,b4ee5bbed38d45c7761f31b2ceae682e0624a480,Pin where closed settles relative to the below-min tail read,Host streams/compression implementation or tests: native WHATWG streams/Capn Web supply local substrate; no KJ pump port.,src/tests/streams/readable-byte/AGENTS.md;src/tests/streams/readable-byte/main.js;src/tests/streams/readable-byte/read-min.js
7d9d512c96e5f150b576c570652c434013fd4a45,3a7c0c2da4b024c841fa13ca276987dd48e2fe27,Preserve VFS exceptions during SQLite open,Native VFS error tunnel: preserve callback exception during open; local database-open errors propagate from host drivers.,src/workerd/util/sqlite-test.c++;src/workerd/util/sqlite.c++
2ff63bad390cd746fcf8b7fccf501ea80642d8f6,6c77ca7625331d17da6438d66482bccfd024aaa2,Accept a null source in MessageEventInit,Host MessageEvent accepts null source; local native MessageEvent already accepts null.,src/workerd/api/events.c++;src/workerd/api/events.h;src/workerd/api/tests/events-test.js;types/generated-snapshot/experimental/index.d.ts;types/generated-snapshot/experimental/index.ts;types/generated-snapshot/index.d.ts;types/generated-snapshot/index.ts
3a7c0c2da4b024c841fa13ca276987dd48e2fe27,5c70747654953f575cfd9853f42b903fd033e0a5 880f3cbf7a485e3ea969c23919b601ccb96ab973,Merge pull request #7431 from cloudflare/jolio/linting-impr-mjvxsi,Merge topology: component commits are indexed separately; final endpoint diff reviewed.,
880f3cbf7a485e3ea969c23919b601ccb96ab973,2aa070fe163d22d2dd9f35fd2a0cde920cceecd2,Linting(coroutine-hostile-raii): add support for co_yield AllowedAwaitables,"Build, dependency, release tooling or documentation: no local runtime behavior port.",.clang-tidy;tools/clang-tidy/coroutine-hostile-raii-negative-test.c++;tools/clang-tidy/coroutine-hostile-raii-positive-test.c++;tools/clang-tidy/coroutine-hostile-raii-test.sh;tools/clang-tidy/coroutine-hostile-raii.c++
2aa070fe163d22d2dd9f35fd2a0cde920cceecd2,ae37de62cdb89f5f2e9bd6124df604d53f77024f,Linting: improve coroutine-hostile-raii test to check declaration nodes too,"Build, dependency, release tooling or documentation: no local runtime behavior port.",tools/clang-tidy/BUILD.bazel;tools/clang-tidy/coroutine-hostile-raii-negative-test.c++;tools/clang-tidy/coroutine-hostile-raii-positive-test.c++;tools/clang-tidy/coroutine-hostile-raii-test.sh;tools/clang-tidy/coroutine-hostile-raii.c++
ae37de62cdb89f5f2e9bd6124df604d53f77024f,0b5ed149cbc378023226b01f03cb04b77501829a,Linting: reformat LLVM upstream coroutine-hostile-raii check,"Build, dependency, release tooling or documentation: no local runtime behavior port.",tools/clang-tidy/coroutine-hostile-raii.c++;tools/clang-tidy/coroutine-hostile-raii.h
0b5ed149cbc378023226b01f03cb04b77501829a,5c70747654953f575cfd9853f42b903fd033e0a5,Linting: import LLVM coroutine-hostile-raii check,"Build, dependency, release tooling or documentation: no local runtime behavior port.",.clang-tidy;tools/clang-tidy/BUILD.bazel;tools/clang-tidy/BUILD.headers;tools/clang-tidy/coroutine-hostile-raii.c++;tools/clang-tidy/coroutine-hostile-raii.h;tools/clang-tidy/workerd-lint.c++
fcc475a13c21ac970437c121bf74e19b773007ea,b4ee5bbed38d45c7761f31b2ceae682e0624a480,Settle the head read first when respond() leaves a remainder,Host streams/compression implementation or tests: native WHATWG streams/Capn Web supply local substrate; no KJ pump port.,src/per_isolate/webstreams/queue.ts;src/tests/streams/readable-byte/main.js;src/tests/streams/readable-byte/respond.js
5c70747654953f575cfd9853f42b903fd033e0a5,b4ee5bbed38d45c7761f31b2ceae682e0624a480,[build] Apply formatters to custom clang-tidy checks,Separate Docker Containers service/client or tests: unrelated to local actor execution container.,.devcontainer/devcontainer.json;.vscode/settings.json;build/deps/deps.schema.json;src/workerd/api/tests/opennextjs/src/wrangler.jsonc;tools/clang-tidy/angled-includes.c++;tools/clang-tidy/angled-includes.h;tools/clang-tidy/consume.c++;tools/clang-tidy/consume.h;tools/clang-tidy/promise-ignore-result.c++;tools/clang-tidy/promise-ignore-result.h;tools/clang-tidy/tests/unsafe-continuation-capture-test.c++;tools/clang-tidy/unsafe-continuation-capture.c++;tools/clang-tidy/unsafe-continuation-capture.h;tools/clang-tidy/visit-for-gc.c++;tools/clang-tidy/visit-for-gc.h;tools/clang-tidy/workerd-lint.c++;tools/cross/format.json;tools/windows/vsconfig.json;types/tsconfig.json
b4ee5bbed38d45c7761f31b2ceae682e0624a480,6c77ca7625331d17da6438d66482bccfd024aaa2 0ed2e1ef961d77593aed9295d465e4a57292ae92,Merge pull request #7426 from cloudflare/jasnell/ts-streams-cursor-walk,Merge topology: component commits are indexed separately; final endpoint diff reviewed.,
6c77ca7625331d17da6438d66482bccfd024aaa2,52ea4cfc840ceb016766ce5e64f2e1f69a3dda25 d1cee9e1cc2ccfef3e3d5807a39c3ddce616831f,Merge pull request #7298 from cloudflare/jasnell/js-rpc-streams-cancelation,Merge topology: component commits are indexed separately; final endpoint diff reviewed.,
0ed2e1ef961d77593aed9295d465e4a57292ae92,774bf15c40e991fc3580fb16d46aa6145dc9e7d2,Address cursor update review feedback,Host streams/compression implementation or tests: native WHATWG streams/Capn Web supply local substrate; no KJ pump port.,src/per_isolate/webstreams/queue.ts;src/tests/streams/readable-byte/AGENTS.md;src/tests/streams/readable-byte/gc.js;src/tests/streams/readable-byte/main.js;src/tests/streams/readable/AGENTS.md;src/tests/streams/readable/main.js;src/tests/streams/readable/then-interceptors.js
52ea4cfc840ceb016766ce5e64f2e1f69a3dda25,1b2ece40cbd19519aecf189a2be8fb70083da6da 1e91b8264cd93a41b3cc694d8c24090f9a9aa6a5,Merge pull request #7303 from cloudflare/harris/2026-09-10-portable-skill-references,Merge topology: component commits are indexed separately; final endpoint diff reviewed.,
774bf15c40e991fc3580fb16d46aa6145dc9e7d2,3173ee7bba1690e7f876e2c98092512b5df05596,Walk the queued stream's cursors by index and skip the pinned cursor's deref,Host streams/compression implementation or tests: native WHATWG streams/Capn Web supply local substrate; no KJ pump port.,src/per_isolate/webstreams/queue.ts;src/per_isolate/webstreams/readable.ts;src/tests/streams/readable/AGENTS.md;src/tests/streams/readable/gc.js;src/tests/streams/readable/main.js
1b2ece40cbd19519aecf189a2be8fb70083da6da,3173ee7bba1690e7f876e2c98092512b5df05596,update dependencies to latest version,Separate Workflows service/types: no local engine; ambient contract comes from updated Workers types.,.github/workflows/bigbonk.yml;.github/workflows/bonk.yml;.github/workflows/new-pr-review.yml;build/deps/gen/build_deps.MODULE.bazel;build/deps/gen/deps.MODULE.bazel;deps/rust/Cargo.lock
3173ee7bba1690e7f876e2c98092512b5df05596,e3a857711ea72f5ea67237a32b373f082365bec6 93280aa0d7c24b1fc2b3d22272bc00daf032506f,Merge pull request #7408 from cloudflare/apeacock/jsrpc-replay-memory-observation,Merge topology: component commits are indexed separately; final endpoint diff reviewed.,
e3a857711ea72f5ea67237a32b373f082365bec6,cb01bb63d94f5a0023f7319c961659147a70dd74,r2-rpc.c++: Copy put bodies out of the sandbox for MPK,Separate R2 native RPC body MPK ownership; no R2 service or native sandbox allocator locally.,src/workerd/api/r2-rpc.c++
93280aa0d7c24b1fc2b3d22272bc00daf032506f,cb01bb63d94f5a0023f7319c961659147a70dd74,STOR-5489: Measure Durable Object RPC replay memory,"Distributed actor retries: replay eligibility, claims, deduplication, budgets, observers or backoff require absent service protocol.",src/workerd/api/jsrpc-call-observation-test.c++;src/workerd/api/worker-rpc.c++;src/workerd/api/worker-rpc.h;src/workerd/io/observer.h
cb01bb63d94f5a0023f7319c961659147a70dd74,c22e7ae3b5e2fc5fc1cf382eee0110550497668d 9532cb4d93c289a71039ebea894539ce4033b82c,Merge pull request #7346 from cloudflare/apeacock/jsrpc-call-observation,Merge topology: component commits are indexed separately; final endpoint diff reviewed.,
9532cb4d93c289a71039ebea894539ce4033b82c,1c0ddb76a1bce77d736782b80de4b95da927af35,STOR-5489: Observe Durable Object RPC call attempts,"Distributed actor retries: replay eligibility, claims, deduplication, budgets, observers or backoff require absent service protocol.",src/workerd/api/BUILD.bazel;src/workerd/api/actor-fetch-retry-test.c++;src/workerd/api/actor-state.c++;src/workerd/api/actor.h;src/workerd/api/bench-jsrpc-sender.c++;src/workerd/api/fetch-body-rewindable-test.c++;src/workerd/api/http.c++;src/workerd/api/http.h;src/workerd/api/jsrpc-call-observation-test.c++;src/workerd/api/jsrpc-call-plan-test.c++;src/workerd/api/worker-rpc.c++;src/workerd/api/worker-rpc.h;src/workerd/io/observer.h
1c0ddb76a1bce77d736782b80de4b95da927af35,c22e7ae3b5e2fc5fc1cf382eee0110550497668d,Add a per-attempt observer for outgoing actor RPC calls,Distributed retry observability: per-attempt RPC observer; no local retry-token/replay protocol.,src/workerd/api/actor-call-retry.h;src/workerd/io/observer.h
c22e7ae3b5e2fc5fc1cf382eee0110550497668d,761847b67636b6eaed5e0860e98772f8443bed5e,[ci] Fix automated deps update,"Build, dependency, release tooling or documentation: no local runtime behavior port.",build/deps/update-deps.py
761847b67636b6eaed5e0860e98772f8443bed5e,e464148c744d0fd2caacc8e8662ec856852a2216,Release 2026-09-22,Release metadata: oracle/types pinned at final release; compatibility date not advanced.,src/workerd/io/maximum-compatibility-date.txt;src/workerd/io/release-version.txt
e464148c744d0fd2caacc8e8662ec856852a2216,3b946b9acc3ae3f141e90c567efe0a08310b843e 54de095daa62c03fc1e1fa23a4838bc3af2fa615,Merge pull request #7425 from cloudflare/jasnell/ts-streams-decompression-delivery,Merge topology: component commits are indexed separately; final endpoint diff reviewed.,
d1cee9e1cc2ccfef3e3d5807a39c3ddce616831f,ea50171cdd4b5ea936f026d1f182aa9442810e00,Implement proper js rpc stream cancel propagation,Native RPC stream pump cancellation; Capn Web transport and host WHATWG streams do not use KJ stream membranes.,docs/streams.md;src/workerd/api/js-readable-stream.c++;src/workerd/api/js-writable-stream.c++;src/workerd/api/streams/common.h;src/workerd/api/streams/internal.c++;src/workerd/api/streams/readable.c++;src/workerd/api/streams/standard.c++;src/workerd/api/streams/writable.c++;src/workerd/api/tests/BUILD.bazel;src/workerd/api/tests/js-rpc-streams-cancellation-test.js;src/workerd/api/tests/js-rpc-streams-cancellation-test.wd-test;src/workerd/io/io-context.h;src/workerd/io/worker-interface.capnp;src/workerd/util/autogate.h
3b946b9acc3ae3f141e90c567efe0a08310b843e,92069bfbb93b2ff368fb9e626abea1e84aeba4a3,Remove the C++ I/O backend (--//:io_backend=cxx),Separate Workflows service/types: no local engine; ambient contract comes from updated Workers types.,.github/workflows/_bazel.yml;.github/workflows/test.yml;BUILD.bazel;build/fixtures/rust_io_link_check.sh;build/kj_test.bzl;build/rust_io_backend.bzl;build/rust_io_graph_check.sh;compile_flags.txt;justfile;src/rust/cxx/kj-rs-io/BUILD.bazel;src/rust/cxx/kj-rs-io/async-io.c++;src/rust/cxx/kj-rs-io/async-io.h;src/rust/cxx/kj-rs-io/lib.rs;src/rust/cxx/kj-rs-io/signal.rs;src/rust/cxx/kj-rs-io/tests/file-watcher-test.c++;src/rust/cxx/kj-rs-io/watcher.rs;src/workerd/server/AGENTS.md;src/workerd/server/BUILD.bazel;src/workerd/server/cli-io-backend.c++;src/workerd/server/cli-io-backend.h;src/workerd/server/workerd.c++;src/workerd/util/AGENTS.md;src/workerd/util/BUILD.bazel;src/workerd/util/setup-async-io-test.c++;src/workerd/util/setup-async-io.c++
54de095daa62c03fc1e1fa23a4838bc3af2fa615,cc10f59281826af6b5309f5418fb0051bf24ba69,Stop the compression drain when its enqueue tears the pair down,Host streams/compression implementation or tests: native WHATWG streams/Capn Web supply local substrate; no KJ pump port.,src/per_isolate/webstreams/compression.ts;src/tests/streams/compression/AGENTS.md;src/tests/streams/compression/main.js;src/tests/streams/compression/reentrancy.js;src/workerd/api/compression.c++;src/workerd/api/compression.h
92069bfbb93b2ff368fb9e626abea1e84aeba4a3,c13a060e3cbbb1ac16b9ad233b61dc36ff3b84b8,build: let Rust crates live beside the C++ they belong to,"Native JSG/V8/Rust/KJ implementation, build or tests: ownership, GC and event-loop substrate is host-owned.",.bazelrc;BUILD.bazel;build/rust_lint.bazelrc;build/wd_rust_binary.bzl;build/wd_rust_crate.bzl;clippy.toml;justfile;rustfmt.toml;src/rust/AGENTS.md;src/rust/BUILD.bazel
c13a060e3cbbb1ac16b9ad233b61dc36ff3b84b8,db31f1d0daec6b490cf074673de03e66dd2eaf42,Fix the UBSan reports from the asan CI lane,Host Node compatibility implementation/tests: runtime does not port node modules; browser AsyncResource exception screened separately.,build/deps/gen/deps.MODULE.bazel;src/rust/jsg/ffi.c++;src/workerd/api/node/buffer.c++
db31f1d0daec6b490cf074673de03e66dd2eaf42,8d4cbe664916a03a00a6ea0095cc18be6be0c465,build: enable UBSan in --config=asan,"Build, dependency, release tooling or documentation: no local runtime behavior port.",.bazelrc
8d4cbe664916a03a00a6ea0095cc18be6be0c465,ea50171cdd4b5ea936f026d1f182aa9442810e00,build: instrument Rust under --config=asan,"Native JSG/V8/Rust/KJ implementation, build or tests: ownership, GC and event-loop substrate is host-owned.",.bazelrc;build/deps/rust.MODULE.bazel;build/rust/BUILD.bazel;build/rust/build_std.bzl;build/rust/build_std.sh;build/rust/sanitizer_toolchain.bzl;build/rust/tsan_toolchain.bzl;src/rust/asan/BUILD.bazel;src/rust/asan/heap_buffer_overflow.rs;src/rust/cxx-integration-test/BUILD.bazel;src/rust/cxx-integration-test/lib.rs;src/rust/cxx/AGENTS.md
ea50171cdd4b5ea936f026d1f182aa9442810e00,5adb86cba92689e7b7d46a2a97b93b041318dbce,Make snapshotContainer options optional (#7453),Separate Docker Containers service/client or tests: unrelated to local actor execution container.,src/workerd/api/container.c++;src/workerd/api/container.h;src/workerd/server/tests/container-client/test.js;types/generated-snapshot/experimental/index.d.ts;types/generated-snapshot/experimental/index.ts;types/generated-snapshot/index.d.ts;types/generated-snapshot/index.ts
cc10f59281826af6b5309f5418fb0051bf24ba69,8d99027b9569b4dd19181d6fa4608f8cb2bf5cac,Queue the compression streams' output in bounded pieces per write,Host streams/compression implementation or tests: native WHATWG streams/Capn Web supply local substrate; no KJ pump port.,src/per_isolate/webstreams/compression.ts;src/tests/streams/compression/AGENTS.md;src/tests/streams/compression/delivery-shape.js;src/tests/streams/compression/draining-reader.js;src/workerd/api/compression.c++;src/workerd/api/compression.h;src/workerd/util/ring-buffer-test.c++;src/workerd/util/ring-buffer.h
1c246981e264c05b623c692b1773baafc5d61b24,b93fa71f0b143e5f4fe4c116c107b62c6d49e92f,Use weak self captures for refcounted continuations,Native lifetime fix: weak captures for KJ continuations; local GC owns references and run rechecks context abort.,src/workerd/api/queue.c++;src/workerd/io/actor-sqlite.c++;src/workerd/io/io-channels.c++;src/workerd/io/io-context.h;src/workerd/server/channel-token-test.c++;src/workerd/server/server.c++
8d99027b9569b4dd19181d6fa4608f8cb2bf5cac,ebac9b83d0c323cc822c54a22a25e584cd2fbe01,Deliver the compression streams' output to the readable in bounded pieces,Host streams/compression implementation or tests: native WHATWG streams/Capn Web supply local substrate; no KJ pump port.,src/per_isolate/webstreams/compression.ts;src/tests/streams/compression/AGENTS.md;src/tests/streams/compression/compression-modules.capnp;src/tests/streams/compression/delivery-shape.js;src/tests/streams/compression/draining-reader.js;src/tests/streams/compression/main.js
ebac9b83d0c323cc822c54a22a25e584cd2fbe01,5adb86cba92689e7b7d46a2a97b93b041318dbce,Buffer the compression stage's output in blocks released as they are pulled,Host streams/compression implementation or tests: native WHATWG streams/Capn Web supply local substrate; no KJ pump port.,src/workerd/api/BUILD.bazel;src/workerd/api/compression-test.c++;src/workerd/api/compression.c++;src/workerd/api/compression.h
5adb86cba92689e7b7d46a2a97b93b041318dbce,d97bb1f730b483c1312a59ad48cfca9cf605ef0d c896040bc0a0a142538feb2502a0d873d2a2dec7,Merge pull request #7424 from cloudflare/jasnell/ts-streams-body-consumption-oom,Merge topology: component commits are indexed separately; final endpoint diff reviewed.,
d97bb1f730b483c1312a59ad48cfca9cf605ef0d,f44359f2f99aeff10e0615433a3fa514a0205862,[build] Silence clang-22 warnings in 3rd party code,"Build, dependency, release tooling or documentation: no local runtime behavior port.",.bazelrc
f44359f2f99aeff10e0615433a3fa514a0205862,e1d1d7e50198d128690edce3e1c53087e986736a,[build] Fix libc++/libunwind package names,Separate Docker Containers service/client or tests: unrelated to local actor execution container.,.bazelrc;.devcontainer/Dockerfile;.github/actions/setup-runner/action.yml;Dockerfile.release;README.md;cfsetup.yaml;justfile
e1d1d7e50198d128690edce3e1c53087e986736a,540e88fe7c122c01088c035208487eeab746c803,[build] Update to LLVM 22,Separate Workflows service/types: no local engine; ambient contract comes from updated Workers types.,.bazelrc;.devcontainer/Dockerfile;.devcontainer/devcontainer.json;.github/actions/setup-runner/action.yml;.github/workflows/_bazel.yml;.github/workflows/_wpt.yml;.github/workflows/bigbonk.yml;.github/workflows/bonk.yml;.github/workflows/codspeed.yml;.github/workflows/compat-flag-docs.yml;.github/workflows/daily-release.yml;.github/workflows/deps-updater.yml;.github/workflows/fixup.yml;.github/workflows/lint.yml;.github/workflows/new-pr-review.yml;.github/workflows/release-python-runtime.yml;.github/workflows/release-python-snapshots.yml;.github/workflows/release.yml;.github/workflows/semgrep.yml;.github/workflows/test.yml;.github/workflows/update-wpt.yml;Dockerfile.release;README.md;build/ci.bazelrc;cfsetup.yaml;docs/development.md;doxyfile;fuzzilli/README.md;justfile;src/workerd/tests/BUILD.bazel;src/workerd/tests/test-reprl.c++;tools/windows/install-deps.bat
540e88fe7c122c01088c035208487eeab746c803,18d3f94faa272849073107bcb8db17072a06637e 7ce4d6d427486a67d49407e38dcf4f45c8f1425a,Merge pull request #7416 from cloudflare/harris/2026-09-17-v8-15.5-compatibility,Merge topology: component commits are indexed separately; final endpoint diff reviewed.,
c896040bc0a0a142538feb2502a0d873d2a2dec7,f3401e54d88b9b27d09b66e7debb69bbdf06d2d4,Pin body assembly of a chunk wider than a collection block,Host streams/compression implementation or tests: native WHATWG streams/Capn Web supply local substrate; no KJ pump port.,src/tests/streams/readable/AGENTS.md;src/tests/streams/readable/integration-body-memory.js;src/tests/streams/readable/main.js
f3401e54d88b9b27d09b66e7debb69bbdf06d2d4,f7b94c6058015c6513114b249fe9d4fb7c8bd7cd,Accept SharedArrayBuffer-backed views in body consumption,Host streams/compression implementation or tests: native WHATWG streams/Capn Web supply local substrate; no KJ pump port.,src/per_isolate/webstreams/readable.ts;src/tests/streams/readable/AGENTS.md;src/tests/streams/readable/integration-body.js
f7b94c6058015c6513114b249fe9d4fb7c8bd7cd,ea2aad5b2a1c52cd84e2e2b5484de57a67c03e8a,Refuse a declared length the memory limit cannot hold before reading,Host streams/compression implementation or tests: native WHATWG streams/Capn Web supply local substrate; no KJ pump port.,src/per_isolate/webstreams/readable.ts;src/workerd/api/js-readable-stream-test.c++
ea2aad5b2a1c52cd84e2e2b5484de57a67c03e8a,18d3f94faa272849073107bcb8db17072a06637e,Copy body bytes out as they arrive and cancel the source when consumption fails,Host streams/compression implementation or tests: native WHATWG streams/Capn Web supply local substrate; no KJ pump port.,src/per_isolate/webstreams/readable.ts;src/tests/streams/encoding/AGENTS.md;src/tests/streams/encoding/body-integration.js;src/tests/streams/readable/AGENTS.md;src/tests/streams/readable/integration-body-failures.js;src/tests/streams/readable/integration-body-memory.js;src/tests/streams/readable/main.js;src/tests/streams/readable/readable-modules.capnp;src/workerd/api/js-readable-stream-test.c++
18d3f94faa272849073107bcb8db17072a06637e,f7d869a9a1b935b2dafde1ba275e66b37e746c49 18de5f25ba997aa87ce48dbc5d28735ba88f6ffd,Merge pull request #7433 from cloudflare/trubini/udp_workers_rpc,Merge topology: component commits are indexed separately; final endpoint diff reviewed.,
f7d869a9a1b935b2dafde1ba275e66b37e746c49,8e83bcbb51a12ce51e3f7edb6f81f3cc3426bba3,Use 2 isolates for tests to exercise cross-isolate (#7447),Native two-isolate regression configuration; local same-realm runtime and Capn Web transport tested independently.,src/workerd/api/tests/BUILD.bazel;src/workerd/api/tests/abortable-fetch-test.wd-test;src/workerd/api/tests/blob-test.wd-test;src/workerd/api/tests/fetch-redirect-test.wd-test;src/workerd/api/tests/http-standard-test.wd-test;src/workerd/api/tests/js-rpc-socket-streams-ts-test.wd-test;src/workerd/api/tests/js-rpc-socket-test.wd-test;src/workerd/api/tests/js-rpc-streams-ts-test.wd-test;src/workerd/api/tests/js-rpc-test.js;src/workerd/api/tests/js-rpc-test.wd-test;src/workerd/api/tests/kv-resizable-arraybuffer-test.wd-test;src/workerd/api/tests/leak-fetch-test.wd-test;src/workerd/api/tests/queue-metadata-test.wd-test;src/workerd/api/tests/queue-metrics-sentinel-test.wd-test;src/workerd/api/tests/queue-metrics-test.wd-test;src/workerd/api/tests/queue-producer-metadata-test.wd-test;src/workerd/api/tests/queue-resizable-arraybuffer-test.wd-test;src/workerd/api/tests/r2-write-http-metadata-validation-test.wd-test;src/workerd/api/tests/response-used-body-test.wd-test;src/workerd/api/tests/ts-webstreams-test.wd-test
8e83bcbb51a12ce51e3f7edb6f81f3cc3426bba3,3ea9117c64c9fd29d734a60e066ef2872ee479aa eb076b3442b13de079e63c13dd497dfb0a40a246,Merge pull request #7446 from cloudflare/erikcorry/deflake-connect-handler,Merge topology: component commits are indexed separately; final endpoint diff reviewed.,
eb076b3442b13de079e63c13dd497dfb0a40a246,3ea9117c64c9fd29d734a60e066ef2872ee479aa,Deflake connect-handler tests,"Build, dependency, release tooling or documentation: no local runtime behavior port.",src/workerd/api/tests/BUILD.bazel
7ce4d6d427486a67d49407e38dcf4f45c8f1425a,16c681dac93f069b3622e746adecc9b810fff82b,Keep the Fast API test on TurboFan,"Native JSG/V8/Rust/KJ implementation, build or tests: ownership, GC and event-loop substrate is host-owned.",src/workerd/jsg/fast-api-test.c++
16c681dac93f069b3622e746adecc9b810fff82b,844b10841a1549e657923689db1bb67c5fb77f88,Silence unused JSG template warnings,"Native JSG/V8/Rust/KJ implementation, build or tests: ownership, GC and event-loop substrate is host-owned.",src/workerd/jsg/jsg.h;src/workerd/jsg/web-idl-test.c++
844b10841a1549e657923689db1bb67c5fb77f88,3ea9117c64c9fd29d734a60e066ef2872ee479aa,Use Promise-returning synthetic module callbacks,Native module registry callback plumbing; Worker Loader public configuration unchanged.,src/workerd/jsg/modules-new.c++;src/workerd/jsg/modules.c++
3ea9117c64c9fd29d734a60e066ef2872ee479aa,e5c6854073477e4c475bd3ba8015a71421de10ca 0e32199bf473e5f10b7918a28a5552d88be4ead8,Merge pull request #7347 from cloudflare/apeacock/jsrpc-retry-claims,Merge topology: component commits are indexed separately; final endpoint diff reviewed.,
0e32199bf473e5f10b7918a28a5552d88be4ead8,3056c0d6936c68b35c1571321008e1447bec3179,STOR-5489: Attach retry metadata to Durable Object RPC calls,"Distributed actor retries: replay eligibility, claims, deduplication, budgets, observers or backoff require absent service protocol.",src/workerd/api/http.c++;src/workerd/api/http.h;src/workerd/api/jsrpc-call-plan-test.c++;src/workerd/api/worker-rpc.c++;src/workerd/api/worker-rpc.h;src/workerd/tests/test-fixture.c++;src/workerd/tests/test-fixture.h;src/workerd/util/autogate.h
3056c0d6936c68b35c1571321008e1447bec3179,9e334ad92b682b00d16db1742f1af08645a73b4f,STOR-5489: Claim Durable Object RPC calls before dispatch,"Distributed actor retries: replay eligibility, claims, deduplication, budgets, observers or backoff require absent service protocol.",src/workerd/api/jsrpc-call-plan-test.c++;src/workerd/api/worker-rpc.c++
9e334ad92b682b00d16db1742f1af08645a73b4f,e5c6854073477e4c475bd3ba8015a71421de10ca,Let TestFixture construct an actor class,Upstream C++ test fixture extension for actor task tracking; no application behavior.,src/workerd/tests/test-fixture.c++;src/workerd/tests/test-fixture.h
e5c6854073477e4c475bd3ba8015a71421de10ca,13fd9a8604db79ac58dda294956ae51accede2c7 b2ac12b35a810a10f9938f2eb1f6b17aada9e786,Merge pull request #7429 from cloudflare/gyeongjae/disable-snapshot,Merge topology: component commits are indexed separately; final endpoint diff reviewed.,
b2ac12b35a810a10f9938f2eb1f6b17aada9e786,13fd9a8604db79ac58dda294956ae51accede2c7,Add a bazel option to disable python prebuilt snapshot,"Host Python interpreter/packages/tests: execution belongs to isolate channel, not local Worker Loader.",.bazelrc;build/config/BUILD.bazel;build/wd_test.bzl;src/pyodide/AGENTS.md;src/workerd/server/tests/python/py_wd_test.bzl
13fd9a8604db79ac58dda294956ae51accede2c7,90faec3319d87b3ca98f8f522a1cc4295538d5ef,Release 2026-09-21,Release metadata: oracle/types pinned at final release; compatibility date not advanced.,src/workerd/io/maximum-compatibility-date.txt;src/workerd/io/release-version.txt
90faec3319d87b3ca98f8f522a1cc4295538d5ef,552e0d9fb5671d43290cddf16e80c0d22a18a5cf,Release 2026-09-20,Release metadata: oracle/types pinned at final release; compatibility date not advanced.,src/workerd/io/maximum-compatibility-date.txt;src/workerd/io/release-version.txt
552e0d9fb5671d43290cddf16e80c0d22a18a5cf,16a7913467dd187f96b76ba8e334759e67ef3068 b77563644f6ebb0e09bb6ef5758a17af6b1d4631,Merge pull request #7421 from cloudflare/jasnell/ts-streams-queue-after-no-consumer,Merge topology: component commits are indexed separately; final endpoint diff reviewed.,
b77563644f6ebb0e09bb6ef5758a17af6b1d4631,6f6423754c073d4ec223c0770ada662472951d95,Address review feedback on streams changes,Host streams/compression implementation or tests: native WHATWG streams/Capn Web supply local substrate; no KJ pump port.,src/per_isolate/webstreams/queue.ts;src/tests/streams/readable-byte/AGENTS.md;src/tests/streams/readable-byte/gc.js;src/tests/streams/readable-byte/main.js
6f6423754c073d4ec223c0770ada662472951d95,16a7913467dd187f96b76ba8e334759e67ef3068,Drop what a queued stream enqueues once every consumer is collected,Host streams/compression implementation or tests: native WHATWG streams/Capn Web supply local substrate; no KJ pump port.,src/per_isolate/webstreams/AGENTS.md;src/per_isolate/webstreams/queue.ts;src/per_isolate/webstreams/readable.ts;src/tests/streams/readable-byte/AGENTS.md;src/tests/streams/readable-byte/gc.js;src/tests/streams/readable-byte/main.js;src/tests/streams/readable/AGENTS.md;src/tests/streams/readable/gc.js;src/tests/streams/readable/main.js
16a7913467dd187f96b76ba8e334759e67ef3068,e7b231c6dd726a8b66c71fdd11f791fbb60ccbb3 e77b962e586e2847b6dc90f12185d5309fe5c5af,Merge pull request #7417 from cloudflare/jasnell/ts-streams-transform-error-propagation,Merge topology: component commits are indexed separately; final endpoint diff reviewed.,
e77b962e586e2847b6dc90f12185d5309fe5c5af,26edffb8c3227fe002b2e05ce9adf70035fef6fb,"Drop the interopErrorHook when appropriate, fix some nits",Host streams/compression implementation or tests: native WHATWG streams/Capn Web supply local substrate; no KJ pump port.,src/per_isolate/webstreams/readable.ts;src/per_isolate/webstreams/writable.ts
e7b231c6dd726a8b66c71fdd11f791fbb60ccbb3,b93fa71f0b143e5f4fe4c116c107b62c6d49e92f,Release 2026-09-19,Release metadata: oracle/types pinned at final release; compatibility date not advanced.,src/workerd/io/maximum-compatibility-date.txt;src/workerd/io/release-version.txt
26edffb8c3227fe002b2e05ce9adf70035fef6fb,b93fa71f0b143e5f4fe4c116c107b62c6d49e92f,Error both halves of a transform pair from the Node.js interop hook,Host Node compatibility implementation/tests: runtime does not port node modules; browser AsyncResource exception screened separately.,src/per_isolate/webstreams/AGENTS.md;src/per_isolate/webstreams/compression.ts;src/per_isolate/webstreams/identity.ts;src/per_isolate/webstreams/readable.ts;src/per_isolate/webstreams/transform.ts;src/per_isolate/webstreams/writable.ts;src/tests/node/stream/AGENTS.md;src/tests/node/stream/abort-transform-pairs.js;src/tests/node/stream/main.js;src/tests/node/stream/stream-modules.capnp
18de5f25ba997aa87ce48dbc5d28735ba88f6ffd,85928d5126f87a97d68faba45a230735ee789129,set EVENT_TYPE back to 14,Host TCP/UDP/TLS transport or tests: no local cloudflare:sockets/connect event substrate.,src/workerd/api/sockets.h
85928d5126f87a97d68faba45a230735ee789129,b72c41569c3eafadc301490ca1d58765d305a4a8,support UDP events in workerd capnp server,Host TCP/UDP/TLS transport or tests: no local cloudflare:sockets/connect event substrate.,src/workerd/server/server-test.c++;src/workerd/server/server.c++
b72c41569c3eafadc301490ca1d58765d305a4a8,b93fa71f0b143e5f4fe4c116c107b62c6d49e92f,implement RPC support for inbound UDP connect() event,Host TCP/UDP/TLS transport or tests: no local cloudflare:sockets/connect event substrate.,src/workerd/api/sockets.c++;src/workerd/api/sockets.h;src/workerd/io/worker-interface.capnp
b93fa71f0b143e5f4fe4c116c107b62c6d49e92f,c0c3691604192d1ae79d966ec7346fe5103e9c0c,[build] Re-enable bazel sandboxing on macOS,"Build, dependency, release tooling or documentation: no local runtime behavior port.",build/ci.bazelrc
c0c3691604192d1ae79d966ec7346fe5103e9c0c,8e4d15cdbcf50f6eda3871b8e05b678d133711e2,[nfc] Fix compiler warnings based on KJ_HEADER_WARNINGS,Host streams/compression implementation or tests: native WHATWG streams/Capn Web supply local substrate; no KJ pump port.,src/workerd/api/crypto/crypto.h;src/workerd/api/streams/common.h;src/workerd/io/actor-cache-test.c++;src/workerd/io/actor-sqlite-test.c++;src/workerd/jsg/jsvalue.h;src/workerd/jsg/util.h;src/workerd/server/server.c++
8e4d15cdbcf50f6eda3871b8e05b678d133711e2,266d066e8bd1962e2e02cedd9718252f44aa1217,[nfc] Drop unused variables,"Native JSG/V8/Rust/KJ implementation, build or tests: ownership, GC and event-loop substrate is host-owned.",src/workerd/api/r2-multipart.c++;src/workerd/api/worker-rpc.c++;src/workerd/jsg/modules.h;src/workerd/jsg/url.c++;src/workerd/jsg/util.c++;src/workerd/server/server.c++
266d066e8bd1962e2e02cedd9718252f44aa1217,b7add5519b859012576e59c0b8d4a4d93525e8fc 7c183a8669e95a717c30bd6116a77488fed04cac,Merge pull request #7403 from cloudflare/jolio/document-cor-ocm4st,Merge topology: component commits are indexed separately; final endpoint diff reviewed.,
b7add5519b859012576e59c0b8d4a4d93525e8fc,973c10963095966ee2beee5587b2990ef79c4822 06f6bb3c3cda5f5b5c1cbde556c1b571a75c856b,Merge pull request #7414 from cloudflare/sol/actor-retry-policy,Merge topology: component commits are indexed separately; final endpoint diff reviewed.,
973c10963095966ee2beee5587b2990ef79c4822,1ed4b65ccdf861023a82f9639fd2d6d8d01cd67e,Add Analytics SQL binding types (#7396),Separate Cloudflare product binding/types/tests: service remains host-owned; ambient types updated with oracle.,types/defines/analytics-sql.d.ts;types/generated-snapshot/experimental/index.d.ts;types/generated-snapshot/experimental/index.ts;types/generated-snapshot/index.d.ts;types/generated-snapshot/index.ts;types/test/types/analytics-sql.ts
06f6bb3c3cda5f5b5c1cbde556c1b571a75c856b,c7b5cdb96ec8c0dd5a59c5234e51fbda078f74cd,Increase actor retry backoff,"Distributed actor retries: replay eligibility, claims, deduplication, budgets, observers or backoff require absent service protocol.",src/workerd/api/actor-call-retry.h
c7b5cdb96ec8c0dd5a59c5234e51fbda078f74cd,1ed4b65ccdf861023a82f9639fd2d6d8d01cd67e,Split actor retry exhaustion outcomes,"Distributed actor retries: replay eligibility, claims, deduplication, budgets, observers or backoff require absent service protocol.",src/workerd/api/actor-call-retry-test.c++;src/workerd/api/actor-call-retry.c++;src/workerd/api/actor-fetch-retry-test.c++;src/workerd/io/observer.h
1ed4b65ccdf861023a82f9639fd2d6d8d01cd67e,8370bfb588f7f75995da53f0f5278088c7c0c5dc,Python: Hot fix for stack switching gc crash (upstream pyodide#6466) (#7422),"Host Python interpreter/packages/tests: execution belongs to isolate channel, not local Worker Loader.",build/deps/pyodide.MODULE.bazel;build/python_metadata.bzl;src/pyodide/tools/patch_pyodide_asm.ts;src/workerd/server/tests/python/BUILD.bazel;src/workerd/server/tests/python/stack-switching-gc/stack-switching-gc.wd-test;src/workerd/server/tests/python/stack-switching-gc/worker.py
8370bfb588f7f75995da53f0f5278088c7c0c5dc,679c09e5eea0af8a04062e1875e99c75af532e3b ae8979d5414114127ce3cb59af28e59be074fe27,Merge pull request #7412 from cloudflare/jasnell/ts-streams-transform-write-stall,Merge topology: component commits are indexed separately; final endpoint diff reviewed.,
679c09e5eea0af8a04062e1875e99c75af532e3b,2299e4ecd2a88d62a4143dcb44663e3fa89658b4,Release 2026-09-18,Release metadata: oracle/types pinned at final release; compatibility date not advanced.,src/workerd/io/maximum-compatibility-date.txt;src/workerd/io/release-version.txt
2299e4ecd2a88d62a4143dcb44663e3fa89658b4,50c2e906f87c77bd658f16680783a4aaeccb7dcb 8e515f2ccd7634652493de776ce96319af256266,Merge pull request #7153 from cloudflare/jolio/add-coroutin-iivvz5,Merge topology: component commits are indexed separately; final endpoint diff reviewed.,
50c2e906f87c77bd658f16680783a4aaeccb7dcb,d5bc593bd5d21ad7fa2955761b92f91df131f411 ab47d9214ae7c0c4da455d12c284fffb5f31e4cd,Merge pull request #7130 from ThomasRubini/udp_handler,Merge topology: component commits are indexed separately; final endpoint diff reviewed.,
8e515f2ccd7634652493de776ce96319af256266,d5bc593bd5d21ad7fa2955761b92f91df131f411,Add coroutine-hostile-raii lint for UnwindDetector and fixes.,Host streams/compression implementation or tests: native WHATWG streams/Capn Web supply local substrate; no KJ pump port.,.clang-tidy;src/workerd/api/streams/standard.c++
d5bc593bd5d21ad7fa2955761b92f91df131f411,4e5b3ec68206091e5c2eb6feed3b11f607f8a14b f257b204bb834c16c26c92fbd3156ce952110699,Merge pull request #7420 from cloudflare/maizatskyi/2026-09-17-update-capnptoro,Merge topology: component commits are indexed separately; final endpoint diff reviewed.,
ab47d9214ae7c0c4da455d12c284fffb5f31e4cd,842a58c790ba701aeaf9ae7bc1d68c34323ddbc9,remove packet truncation test on Windows,"Native JSG/V8/Rust/KJ implementation, build or tests: ownership, GC and event-loop substrate is host-owned.",src/rust/cxx/kj-rs-io/tests/async-io-test.c++
842a58c790ba701aeaf9ae7bc1d68c34323ddbc9,981731730476aed0cb198f8ae5a901193bc80bfb,Add Tokio-backed UDP datagram support,Host TCP/UDP/TLS transport or tests: no local cloudflare:sockets/connect event substrate.,src/rust/cxx/kj-rs-io/async-io.c++;src/rust/cxx/kj-rs-io/async-io.h;src/rust/cxx/kj-rs-io/ffi.rs;src/rust/cxx/kj-rs-io/lib.rs;src/rust/cxx/kj-rs-io/net.rs;src/rust/cxx/kj-rs-io/tests/async-io-test.c++
f257b204bb834c16c26c92fbd3156ce952110699,4e5b3ec68206091e5c2eb6feed3b11f607f8a14b,update capnproto,Host streams/compression implementation or tests: native WHATWG streams/Capn Web supply local substrate; no KJ pump port.,build/deps/gen/deps.MODULE.bazel;src/workerd/api/streams/queue.c++;src/workerd/api/streams/queue.h
4e5b3ec68206091e5c2eb6feed3b11f607f8a14b,92b0c1d20e05850be7e2287ea593c6cdc7ae1f04 e47b503fb7ff83984efced4e5feb8c850e7450ac,Merge pull request #7386 from cloudflare/dominik/v8-15-4,Merge topology: component commits are indexed separately; final endpoint diff reviewed.,
92b0c1d20e05850be7e2287ea593c6cdc7ae1f04,688ba58e46eb1257ed0bdca9d5ccffa8a3b7e11c a02d77e23033d495069e9ef79b881ef4935d393d,Merge pull request #7415 from cloudflare/maizatskyi/2026-09-17-clangd,Merge topology: component commits are indexed separately; final endpoint diff reviewed.,
981731730476aed0cb198f8ae5a901193bc80bfb,4a9561ac785daef39a92bea39801c57d59a80170,remove new types from non-experimental types snapshot,Host TCP/UDP/TLS transport or tests: no local cloudflare:sockets/connect event substrate.,src/workerd/api/sockets.h;types/generated-snapshot/index.d.ts;types/generated-snapshot/index.ts
4a9561ac785daef39a92bea39801c57d59a80170,6b1833e291224bef6e5a727a1afc8b95ea5b00fe,ensure `Datagram` and `Socket::protocol` are only available with the experimental flag,Host TCP/UDP/TLS transport or tests: no local cloudflare:sockets/connect event substrate.,src/workerd/api/global-scope.h;src/workerd/api/sockets-test.c++;src/workerd/api/sockets.h;src/workerd/api/tests/global-scope-test.js
6b1833e291224bef6e5a727a1afc8b95ea5b00fe,be695a6f5417e19710e952c1748e0f9e09259a9e,reduce udp socket timeout to be lower than test harness timeout,Host TCP/UDP/TLS transport or tests: no local cloudflare:sockets/connect event substrate.,src/workerd/server/tests/udp-datagram-drop/config.capnp
be695a6f5417e19710e952c1748e0f9e09259a9e,9b6f6f93b2fb80bb1ad23090ff91cd93f8ca57d5,ensure datagram channel gets destroyed on the right thread,Host TCP/UDP/TLS transport or tests: no local cloudflare:sockets/connect event substrate.,src/workerd/api/sockets.c++
9b6f6f93b2fb80bb1ad23090ff91cd93f8ca57d5,d908992713a4fbeba8f40d74488fe9a01e8ef8ae,fix test for large datagrams to work on macOS,Host TCP/UDP/TLS transport or tests: no local cloudflare:sockets/connect event substrate.,src/workerd/server/tests/udp-connect-ts-streams/driver.mjs;src/workerd/server/tests/udp-connect/driver.mjs
d908992713a4fbeba8f40d74488fe9a01e8ef8ae,d0670c2b641c3d880bfa33f6e6e58500e120fb54,format,Native build/tooling/refactor or KJ ownership primitive: no additional local public behavior.,src/workerd/api/global-scope.c++;src/workerd/server/server.c++
d0670c2b641c3d880bfa33f6e6e58500e120fb54,c2306666023191bacd93450a71ebac8335f6c08e,add comment explaining why listenUdp() lambda does not outlive Server,Host TCP/UDP/TLS transport or tests: no local cloudflare:sockets/connect event substrate.,src/workerd/server/server.c++
c2306666023191bacd93450a71ebac8335f6c08e,938c12d0e143ad7d2d0d7135f92ae315a839ad27,fix: make maxPendingBytes depend on Datagram type size too,Host TCP/UDP/TLS transport or tests: no local cloudflare:sockets/connect event substrate.,src/workerd/server/server.c++;src/workerd/server/tests/udp-datagram-drop/config.capnp;src/workerd/server/tests/udp-datagram-drop/driver.mjs
938c12d0e143ad7d2d0d7135f92ae315a839ad27,fc2fd9dd704344e2fcc5f5c8adbed6c7e1aecb72,[nfc] Document UDP hostname bind limitation,Host TCP/UDP/TLS transport or tests: no local cloudflare:sockets/connect event substrate.,src/workerd/server/workerd.capnp
fc2fd9dd704344e2fcc5f5c8adbed6c7e1aecb72,b311ad34103d0b3479e64a06c840d147a6a9a3a4,Drop truncated inbound UDP datagrams,Host TCP/UDP/TLS transport or tests: no local cloudflare:sockets/connect event substrate.,src/workerd/server/server-test.c++;src/workerd/server/server.c++
b311ad34103d0b3479e64a06c840d147a6a9a3a4,ac617d8eda2fe3fe030353215aab5c9b8d86634f,Snapshot UDP datagrams before asynchronous sends,Host TCP/UDP/TLS transport or tests: no local cloudflare:sockets/connect event substrate.,src/workerd/api/sockets-test.c++;src/workerd/api/sockets.c++
ac617d8eda2fe3fe030353215aab5c9b8d86634f,159c3e6586bd945c8aa43fc0a56ae3da9696a540,chore: use WeakRc instead of raw pointers for Flow,Native UDP flow weak ownership; no local UDP listener substrate.,src/workerd/server/server.c++
159c3e6586bd945c8aa43fc0a56ae3da9696a540,662492ac36bd456f563d91e4c23f157470bbfbf8,fix comment,Native UDP flow comment correction; no local UDP listener substrate.,src/workerd/server/server.c++
662492ac36bd456f563d91e4c23f157470bbfbf8,09b8bd8e74b7909505dc3220e2c2405ecd7dd64c,fix: ensure flow key is not unregistered twice,Native UDP flow unregister fix; no local UDP listener substrate.,src/workerd/server/server.c++;src/workerd/server/tests/udp-connect/config.capnp;src/workerd/server/tests/udp-connect/driver.mjs;src/workerd/server/tests/udp-connect/index.mjs
09b8bd8e74b7909505dc3220e2c2405ecd7dd64c,a98a93c1ce0021670bece51f1f7b577ea0863318,re-add old setupSocket() signature so edgeworker does not need changes,Host TCP/UDP/TLS transport or tests: no local cloudflare:sockets/connect event substrate.,src/workerd/api/sockets.c++;src/workerd/api/sockets.h
a98a93c1ce0021670bece51f1f7b577ea0863318,3ad3851b937995997af28fbc41f6c52896d75df3,gate UDP workers,Host TCP/UDP/TLS transport or tests: no local cloudflare:sockets/connect event substrate.,src/workerd/api/global-scope.c++;src/workerd/server/tests/udp-connect/config.capnp;src/workerd/server/tests/udp-connect/driver.mjs;src/workerd/server/tests/udp-datagram-drop/config.capnp;src/workerd/server/tests/udp-datagram-drop/driver.mjs
3ad3851b937995997af28fbc41f6c52896d75df3,5123d29c09187c9f13a26047d408c8622570361e,make getProtocol() throw on unknown value,Host TCP/UDP/TLS transport or tests: no local cloudflare:sockets/connect event substrate.,src/workerd/api/sockets.h
5123d29c09187c9f13a26047d408c8622570361e,ab88e5a43a111f5e13466120f784be3aef4279d2,Make Flow use kj::Own to reference UdpListener,Host TCP/UDP/TLS transport or tests: no local cloudflare:sockets/connect event substrate.,src/workerd/server/server.c++
ab88e5a43a111f5e13466120f784be3aef4279d2,7b57bf367d98787bae503f166f7ff52c36490c9e,ensure DatagramChannel::receive() only has one outstanding call at a time,Host TCP/UDP/TLS transport or tests: no local cloudflare:sockets/connect event substrate.,src/workerd/server/server.c++
7b57bf367d98787bae503f166f7ff52c36490c9e,89268572a03fb1646bfde05cec2d6348710997ff,Bound UDP flow receive queues by byte count,Host TCP/UDP/TLS transport or tests: no local cloudflare:sockets/connect event substrate.,src/workerd/server/server.c++;src/workerd/server/server.h;src/workerd/server/tests/udp-datagram-drop/BUILD.bazel;src/workerd/server/tests/udp-datagram-drop/config.capnp;src/workerd/server/tests/udp-datagram-drop/driver.mjs;src/workerd/server/tests/udp-datagram-drop/index.mjs;src/workerd/server/workerd.capnp
89268572a03fb1646bfde05cec2d6348710997ff,41d0c232f8784fabb252415d8a09ffbc96da83d2,fix JsReadableStream::fromPull()'s legacy arm to be demand-driven,Host streams/compression implementation or tests: native WHATWG streams/Capn Web supply local substrate; no KJ pump port.,src/workerd/api/js-readable-stream.c++
41d0c232f8784fabb252415d8a09ffbc96da83d2,23a968dcd84d87d8659a9d804366196941a0ca65,make UDP sockets use Datagram objects + handle TS streams,Host streams/compression implementation or tests: native WHATWG streams/Capn Web supply local substrate; no KJ pump port.,src/workerd/api/global-scope.h;src/workerd/api/js-writable-stream.c++;src/workerd/api/js-writable-stream.h;src/workerd/api/sockets.c++;src/workerd/api/sockets.h;src/workerd/server/tests/udp-connect-ts-streams/index.mjs;src/workerd/server/tests/udp-connect/index.mjs;types/generated-snapshot/experimental/index.d.ts;types/generated-snapshot/experimental/index.ts;types/generated-snapshot/index.d.ts;types/generated-snapshot/index.ts
23a968dcd84d87d8659a9d804366196941a0ca65,f59f80b140415d6f22bf485df8d265503fd4bb73,mark `protocol` getter as non standard,Host TCP/UDP/TLS transport or tests: no local cloudflare:sockets/connect event substrate.,src/workerd/api/sockets.h
f59f80b140415d6f22bf485df8d265503fd4bb73,2b4b9f7b6f9f0a5c06dab804dd9d31e703518c9f,update wrong comment about internal stream buffering behaviour,Host TCP/UDP/TLS transport or tests: no local cloudflare:sockets/connect event substrate.,src/workerd/api/sockets.c++
2b4b9f7b6f9f0a5c06dab804dd9d31e703518c9f,f60caa8207542c04d9410914fca21ff42a94cf1f,use JsReadableStream method to create ReadableStream + handle TS flag,Host streams/compression implementation or tests: native WHATWG streams/Capn Web supply local substrate; no KJ pump port.,src/workerd/api/js-readable-stream.c++;src/workerd/api/js-readable-stream.h;src/workerd/api/sockets.c++;src/workerd/server/tests/server-harness.mjs;src/workerd/server/tests/udp-connect-ts-streams/BUILD.bazel;src/workerd/server/tests/udp-connect-ts-streams/config.capnp;src/workerd/server/tests/udp-connect-ts-streams/driver.mjs;src/workerd/server/tests/udp-connect-ts-streams/index.mjs
f60caa8207542c04d9410914fca21ff42a94cf1f,5cbe8cedb212f151c7b3aeb2e50515284a29f79a,add inbound UDP socket support,Host TCP/UDP/TLS transport or tests: no local cloudflare:sockets/connect event substrate.,src/workerd/api/global-scope.c++;src/workerd/api/global-scope.h;src/workerd/api/sockets.c++;src/workerd/api/sockets.h;src/workerd/server/server.c++;src/workerd/server/server.h;src/workerd/server/tests/udp-connect/BUILD.bazel;src/workerd/server/tests/udp-connect/config.capnp;src/workerd/server/tests/udp-connect/driver.mjs;src/workerd/server/tests/udp-connect/index.mjs;src/workerd/server/workerd.capnp
5cbe8cedb212f151c7b3aeb2e50515284a29f79a,688ba58e46eb1257ed0bdca9d5ccffa8a3b7e11c,add Socket.protocol getter,Host TCP/UDP/TLS transport or tests: no local cloudflare:sockets/connect event substrate.,src/cloudflare/internal/sockets.d.ts;src/workerd/api/global-scope.c++;src/workerd/api/hyperdrive.c++;src/workerd/api/sockets.c++;src/workerd/api/sockets.h
a02d77e23033d495069e9ef79b881ef4935d393d,3c8c5dc93d90563949ad4940ad794eed2723416a,Update justfile,"Build, dependency, release tooling or documentation: no local runtime behavior port.",justfile
3c8c5dc93d90563949ad4940ad794eed2723416a,688ba58e46eb1257ed0bdca9d5ccffa8a3b7e11c,fix compile_flags.txt,"Build, dependency, release tooling or documentation: no local runtime behavior port.",compile_flags.txt;justfile
ae8979d5414114127ce3cb59af28e59be074fe27,688ba58e46eb1257ed0bdca9d5ccffa8a3b7e11c,Transform a parked TransformStream write after one backpressure wait,Host streams/compression implementation or tests: native WHATWG streams/Capn Web supply local substrate; no KJ pump port.,src/per_isolate/webstreams/transform.ts;src/tests/streams/transform/AGENTS.md;src/tests/streams/transform/backpressure.js;src/tests/streams/transform/main.js
688ba58e46eb1257ed0bdca9d5ccffa8a3b7e11c,9e507426061d2e99339a3a003401edeb2a02421f ba06f8d50eb38d12531a2df1a037ad6b33f9f043,Merge pull request #7409 from cloudflare/jasnell/ts-streams-primordial-gaps,Merge topology: component commits are indexed separately; final endpoint diff reviewed.,
9e507426061d2e99339a3a003401edeb2a02421f,1291d35acfcc43fcec1e681314a954dbd107f7f5 798d10610f476de4a0659ebbf1884c6a76e7fb3e,Merge pull request #7400 from cloudflare/mikea/2026-09-16-update-capnptoro,Merge topology: component commits are indexed separately; final endpoint diff reviewed.,
1291d35acfcc43fcec1e681314a954dbd107f7f5,17143186b375231689b60a23e53933315fd9e24e 64ae9494a2e06b2ae14911fa9c115cd2d9fdd61c,Merge pull request #7397 from cloudflare/feat/xthread-wait-list,Merge topology: component commits are indexed separately; final endpoint diff reviewed.,
e47b503fb7ff83984efced4e5feb8c850e7450ac,17143186b375231689b60a23e53933315fd9e24e,Updates v8 to 15.4,"Build, dependency, release tooling or documentation: no local runtime behavior port.",build/deps/v8.MODULE.bazel;patches/v8/0001-Allow-manually-setting-ValueDeserializer-format-vers.patch;patches/v8/0002-Allow-manually-setting-ValueSerializer-format-versio.patch;patches/v8/0003-Allow-Windows-builds-under-Bazel.patch;patches/v8/0005-Speed-up-V8-bazel-build-by-always-using-target-cfg.patch;patches/v8/0006-Implement-Promise-Context-Tagging.patch;patches/v8/0009-Add-ValueSerializer-SetTreatFunctionsAsHostObjects.patch;patches/v8/0010-Modify-where-to-look-for-fp16-dependency.-This-depen.patch;patches/v8/0011-Revert-heap-Add-masm-specific-unwinding-annotations-.patch;patches/v8/0013-Implement-cross-request-context-promise-resolve-hand.patch;patches/v8/0014-Add-another-slot-in-the-isolate-for-embedder.patch;patches/v8/0015-Add-ValueSerializer-SetTreatProxiesAsHostObjects.patch;patches/v8/0016-Disable-memory-leak-assert-when-shutting-down-V8.patch;patches/v8/0017-Enable-V8-shared-linkage.patch;patches/v8/0018-Modify-where-to-look-for-fast_float-and-simdutf.patch;patches/v8/0019-Remove-unneded-latomic-linker-flag.patch;patches/v8/0020-Add-methods-to-get-heap-and-external-memory-sizes-di.patch;patches/v8/0021-Port-concurrent-mksnapshot-support.patch;patches/v8/0022-Port-V8_USE_ZLIB-support.patch;patches/v8/0023-Modify-where-to-look-for-dragonbox.patch;patches/v8/0024-Disable-slow-handle-check.patch;patches/v8/0026-Implement-additional-Exception-construction-methods.patch;patches/v8/0028-bind-icu-to-googlesource.patch;patches/v8/0029-Add-v8-String-IsFlat-API.patch;patches/v8/0030-Expose-AdjustAmountOfExternalAllocatedMemoryImpl-as-.patch;patches/v8/0031-Add-verify_write_barriers-flag-in-V8-s-bazel-config.patch;patches/v8/0032-Change-lamba-signature-to-get-around-windows-build-f.patch;patches/v8/0033-Return-false-on-Object.hasOwnProperty-with-intercept.patch;patches/v8/0034-Remove-V8-MODULE.bazel-llvm-toolchain-and-libcxx-rep.patch;patches/v8/0035-Remove-libcxx-dep-from-defs.bzl-not-resolvable-via-h.patch;patches/v8/0038-Properly-depend-on-llvm-libc.patch;patches/v8/0039-Fix-TSan-build-without-the-V8-sandbox.patch;patches/v8/0040-Enable-Perfetto-support-in-the-V8-Bazel-build.patch;patches/v8/0041-Disable-preserve_most-on-Windows-x64-before-Clang-22.patch
798d10610f476de4a0659ebbf1884c6a76e7fb3e,17143186b375231689b60a23e53933315fd9e24e,update capnproto,"Native JSG/V8/Rust/KJ implementation, build or tests: ownership, GC and event-loop substrate is host-owned.",build/deps/gen/deps.MODULE.bazel;src/rust/cxx/kj-rs/convert.h
ba06f8d50eb38d12531a2df1a037ad6b33f9f043,113cde70b37d7e8edda986a7ed5194d7a5b6e397,Apply batched suggestions from code review,Host streams/compression implementation or tests: native WHATWG streams/Capn Web supply local substrate; no KJ pump port.,src/per_isolate/crypto/digest-stream.ts;src/per_isolate/webfs/writable-file-stream.ts;src/per_isolate/webstreams/compression.ts;src/per_isolate/webstreams/encoding.ts;src/per_isolate/webstreams/identity.ts;src/per_isolate/webstreams/readable.ts;src/per_isolate/webstreams/transform.ts
113cde70b37d7e8edda986a7ed5194d7a5b6e397,2330da3f3f31639deb041b97e87370b10d341136,Guard the streams against prototype pollution,Host streams/compression implementation or tests: native WHATWG streams/Capn Web supply local substrate; no KJ pump port.,src/per_isolate/AGENTS.md;src/per_isolate/webstreams/AGENTS.md;src/per_isolate/webstreams/queue.ts;src/per_isolate/webstreams/readable.ts;src/tests/streams/compression/AGENTS.md;src/tests/streams/compression/compression-modules.capnp;src/tests/streams/compression/main.js;src/tests/streams/compression/pollution.js;src/tests/streams/encoding/AGENTS.md;src/tests/streams/encoding/encoding-modules.capnp;src/tests/streams/encoding/main.js;src/tests/streams/encoding/pollution.js;src/tests/streams/identity/AGENTS.md;src/tests/streams/identity/identity-modules.capnp;src/tests/streams/identity/main.js;src/tests/streams/identity/pollution.js;src/tests/streams/readable-byte/AGENTS.md;src/tests/streams/readable-byte/main.js;src/tests/streams/readable-byte/pollution.js;src/tests/streams/readable-byte/readable-byte-modules.capnp;src/tests/streams/readable/AGENTS.md;src/tests/streams/readable/main.js;src/tests/streams/readable/pollution.js;src/tests/streams/readable/readable-modules.capnp;src/tests/streams/transform/AGENTS.md;src/tests/streams/transform/main.js;src/tests/streams/transform/pollution.js;src/tests/streams/transform/transform-modules.capnp;src/tests/streams/writable/AGENTS.md;src/tests/streams/writable/main.js;src/tests/streams/writable/pollution.js;src/tests/streams/writable/writable-modules.capnp
2330da3f3f31639deb041b97e87370b10d341136,88526f8d02c00a2f56f6a1a5c8bf27ba984e9fb0,Give the streams' internal dictionaries a null prototype,Host streams/compression implementation or tests: native WHATWG streams/Capn Web supply local substrate; no KJ pump port.,src/per_isolate/crypto/digest-stream.ts;src/per_isolate/webfs/writable-file-stream.ts;src/per_isolate/webstreams/compression.ts;src/per_isolate/webstreams/identity.ts;src/per_isolate/webstreams/native.ts;src/per_isolate/webstreams/readable.ts;src/per_isolate/webstreams/transform.ts;src/per_isolate/webstreams/writable.ts
88526f8d02c00a2f56f6a1a5c8bf27ba984e9fb0,ec1a8524dc169d8904485bbf9fcada616659fad4,Keep the streams' internal dispatch off user-patchable prototypes,Host streams/compression implementation or tests: native WHATWG streams/Capn Web supply local substrate; no KJ pump port.,src/per_isolate/webstreams/encoding.ts;src/per_isolate/webstreams/native.ts;src/per_isolate/webstreams/readable.ts;src/per_isolate/webstreams/writable.ts
ec1a8524dc169d8904485bbf9fcada616659fad4,5be1abd04ecfd78c903b3cf34d685d70cf612159,Tell settled promises from resolver records with isPromise,Host streams/compression implementation or tests: native WHATWG streams/Capn Web supply local substrate; no KJ pump port.,src/per_isolate/per_isolate-env.d.ts;src/per_isolate/webstreams/readable.ts;src/per_isolate/webstreams/writable.ts
5be1abd04ecfd78c903b3cf34d685d70cf612159,a0cfe16d779b3bd716640da236b595e14022f9ba,Copy internal byte ranges without consulting species constructors,Host streams/compression implementation or tests: native WHATWG streams/Capn Web supply local substrate; no KJ pump port.,src/per_isolate/webstreams/queue.ts
a0cfe16d779b3bd716640da236b595e14022f9ba,9c8301a34c1113effa7c36ee391d572a440e717e,Iterate the streams' internal arrays by index,Host streams/compression implementation or tests: native WHATWG streams/Capn Web supply local substrate; no KJ pump port.,src/per_isolate/webstreams/readable.ts
9c8301a34c1113effa7c36ee391d572a440e717e,17143186b375231689b60a23e53933315fd9e24e,Capture Number in primordials,Host streams/compression implementation or tests: native WHATWG streams/Capn Web supply local substrate; no KJ pump port.,src/per_isolate/primordials.ts;src/per_isolate/webstreams/identity.ts;src/per_isolate/webstreams/readable.ts
17143186b375231689b60a23e53933315fd9e24e,50f47c35e6470fb0afe60919b292a679ab423cb2 806c5129af7c14d52ffd0e77dee66c3121c56ddc,Merge pull request #7407 from cloudflare/swallace/just-format,Merge topology: component commits are indexed separately; final endpoint diff reviewed.,
806c5129af7c14d52ffd0e77dee66c3121c56ddc,1a0348b06a8e4acb1f94cb8f1c0de125b85b3365,"Add `just format <files>`, `just format-head`","Build, dependency, release tooling or documentation: no local runtime behavior port.",AGENTS.md;justfile;tools/cross/format.py
50f47c35e6470fb0afe60919b292a679ab423cb2,cefd15a9757daccbab7b9b15863eb0486d0512aa f6cc0d14c18017982019dc0875bf7568c6c330aa,Merge pull request #7230 from cloudflare/apeacock/stor-5489-claim-before-construction,Merge topology: component commits are indexed separately; final endpoint diff reviewed.,
cefd15a9757daccbab7b9b15863eb0486d0512aa,3d7772343e5ea2d2839149435253b3d5ed840ac2 9cfc9611756ef107bb9ce7c92cbcfb1021e2ef7b,Merge pull request #7244 from ghostwriternr/fix/container-sidecar-shutdown,Merge topology: component commits are indexed separately; final endpoint diff reviewed.,
f6cc0d14c18017982019dc0875bf7568c6c330aa,1a0348b06a8e4acb1f94cb8f1c0de125b85b3365,Move retry claim before actor construction,"Distributed actor retries: replay eligibility, claims, deduplication, budgets, observers or backoff require absent service protocol.",src/workerd/api/BUILD.bazel;src/workerd/api/fetch-retry-claim-hook-test.c++;src/workerd/api/global-scope.c++;src/workerd/io/observer.h;src/workerd/io/worker-entrypoint-test.c++;src/workerd/io/worker-entrypoint.c++
3d7772343e5ea2d2839149435253b3d5ed840ac2,cc1012ec7da7baa6682a797ccd03429a29002ba8 da755c2ba1a835cb6e7763ba4ece3d9ec1d4ecd1,Merge pull request #7405 from cloudflare/jasnell/ts-streams-ring-buffer-queues,Merge topology: component commits are indexed separately; final endpoint diff reviewed.,
da755c2ba1a835cb6e7763ba4ece3d9ec1d4ecd1,d8650959d5c8fee860498d6c283cfd2a31bdb4f1,Take the scaling suite's C++ cell out of the default test run,Host streams/compression implementation or tests: native WHATWG streams/Capn Web supply local substrate; no KJ pump port.,src/tests/streams/AGENTS.md;src/tests/streams/scaling/AGENTS.md;src/tests/streams/scaling/BUILD.bazel
d8650959d5c8fee860498d6c283cfd2a31bdb4f1,2907afb8071599183f9004c89881336bfa29203d,Address comment updates from review,Host streams/compression implementation or tests: native WHATWG streams/Capn Web supply local substrate; no KJ pump port.,src/per_isolate/webstreams/ring-buffer.ts
cc1012ec7da7baa6682a797ccd03429a29002ba8,466c666b67e6d9badc2753cbe44ea74e48ff4862 51e9947c619fb8870da960dfb0e1bc556d6492e9,Merge pull request #7402 from cloudflare/jolio/fix-containe-nyqjo6,Merge topology: component commits are indexed separately; final endpoint diff reviewed.,
466c666b67e6d9badc2753cbe44ea74e48ff4862,1782f7f96b4c9a2825c5087b715abee4a2875c78,workerd: make --//:io_backend=rust the default; cxx CI lane,Separate Workflows service/types: no local engine; ambient contract comes from updated Workers types.,.github/workflows/test.yml;BUILD.bazel;compile_flags.txt;src/workerd/server/AGENTS.md;src/workerd/util/AGENTS.md
1782f7f96b4c9a2825c5087b715abee4a2875c78,8b2f1e7060c5f6637a79b36aa0a8f890f96f7dcd,build: dependency-graph and link checks for the rust I/O backend,Separate Workflows service/types: no local engine; ambient contract comes from updated Workers types.,.github/workflows/_bazel.yml;.github/workflows/test.yml;BUILD.bazel;build/fixtures/BUILD.bazel;build/fixtures/rust_io_link_check.sh;build/rust_io_backend.bzl;build/rust_io_graph_check.sh;justfile;src/workerd/server/BUILD.bazel
8b2f1e7060c5f6637a79b36aa0a8f890f96f7dcd,34b0dc286ed991793bbe07bf1f89077ef9364ff0,cli-io-backend: tokio arms for --watch and SIGTERM under --//:io_backend=rust,Native build/tooling/refactor or KJ ownership primitive: no additional local public behavior.,src/workerd/server/BUILD.bazel;src/workerd/server/cli-io-backend.c++;src/workerd/server/cli-io-backend.h
34b0dc286ed991793bbe07bf1f89077ef9364ff0,8f39c1cc43fb47e19b0bc37ee27a9a4c9b8ca47a,build: --//:io_backend flag and the kj::setupAsyncIo() seam,"Native JSG/V8/Rust/KJ implementation, build or tests: ownership, GC and event-loop substrate is host-owned.",BUILD.bazel;build/kj_test.bzl;build/rust_io_backend.bzl;build/wd_cc_benchmark.bzl;src/rust/cxx/kj-rs-io/BUILD.bazel;src/workerd/io/BUILD.bazel;src/workerd/server/BUILD.bazel;src/workerd/server/json-logger-test.c++;src/workerd/tests/BUILD.bazel;src/workerd/util/BUILD.bazel;src/workerd/util/setup-async-io-test.c++;src/workerd/util/setup-async-io-tokio.c++
8f39c1cc43fb47e19b0bc37ee27a9a4c9b8ca47a,5aef66d2e23089a82b8634c896311e0b3a6c46df,server: move the --watch file watcher and SIGTERM handling into cli-io-backend,Native build/tooling/refactor or KJ ownership primitive: no additional local public behavior.,src/workerd/server/BUILD.bazel;src/workerd/server/cli-io-backend.c++;src/workerd/server/cli-io-backend.h;src/workerd/server/workerd.c++
2907afb8071599183f9004c89881336bfa29203d,01fbacd45f322d379cb30387ef5adfe83a3852bc,Shrink the ring buffer as it drains,Host streams/compression implementation or tests: native WHATWG streams/Capn Web supply local substrate; no KJ pump port.,src/per_isolate/webstreams/ring-buffer.ts
01fbacd45f322d379cb30387ef5adfe83a3852bc,6a458334eef8d3387d64978281b6f412864b57c9,Add a queue scaling suite for both streams implementations,Host streams/compression implementation or tests: native WHATWG streams/Capn Web supply local substrate; no KJ pump port.,src/tests/streams/AGENTS.md;src/tests/streams/scaling/AGENTS.md;src/tests/streams/scaling/BUILD.bazel;src/tests/streams/scaling/helpers.js;src/tests/streams/scaling/identity.js;src/tests/streams/scaling/main.js;src/tests/streams/scaling/readable-byte.js;src/tests/streams/scaling/readable.js;src/tests/streams/scaling/scaling-cpp.wd-test;src/tests/streams/scaling/scaling-modules.capnp;src/tests/streams/scaling/scaling-ts.wd-test;src/tests/streams/scaling/writable.js
6a458334eef8d3387d64978281b6f412864b57c9,8e1ca09e2f3cf49a68ce7581387b08af94b0d7a9,Back the native conduit's requests and the snapshot FIFOs with the ring buffer,Host streams/compression implementation or tests: native WHATWG streams/Capn Web supply local substrate; no KJ pump port.,src/per_isolate/AGENTS.md;src/per_isolate/webstreams/AGENTS.md;src/per_isolate/webstreams/compression.ts;src/per_isolate/webstreams/identity.ts;src/per_isolate/webstreams/native.ts;src/per_isolate/webstreams/readable.ts;src/per_isolate/webstreams/writable.ts
8e1ca09e2f3cf49a68ce7581387b08af94b0d7a9,8026ef28a99d54732388ed3cf7c4adb303c34703,Back the writable stream's queues with the ring buffer,Host streams/compression implementation or tests: native WHATWG streams/Capn Web supply local substrate; no KJ pump port.,src/per_isolate/webstreams/writable.ts
8026ef28a99d54732388ed3cf7c4adb303c34703,802cb63330d0114e1440e45be623bedf5230ccc9,Back the queued backend's lists with the ring buffer,Host streams/compression implementation or tests: native WHATWG streams/Capn Web supply local substrate; no KJ pump port.,src/per_isolate/webstreams/queue.ts
802cb63330d0114e1440e45be623bedf5230ccc9,5aef66d2e23089a82b8634c896311e0b3a6c46df,Add a ring buffer for the streams' internal queues,Host streams/compression implementation or tests: native WHATWG streams/Capn Web supply local substrate; no KJ pump port.,src/per_isolate/webstreams/ring-buffer.ts
7c183a8669e95a717c30bd6116a77488fed04cac,5aef66d2e23089a82b8634c896311e0b3a6c46df,Document coroutine cleanup patterns,"Build, dependency, release tooling or documentation: no local runtime behavior port.",AGENTS.md;docs/reference/detail/async-patterns.md
51e9947c619fb8870da960dfb0e1bc556d6492e9,5aef66d2e23089a82b8634c896311e0b3a6c46df,Fix container startup flags after cancellation,Separate Docker Containers service/client or tests: unrelated to local actor execution container.,src/workerd/server/container-client.c++
5aef66d2e23089a82b8634c896311e0b3a6c46df,a0c6e25b38dd22a46c620b7aae0b5b0c9a45eff5 735a2d7d4614355f4dd9179dcac9b42e630a2632,Merge pull request #7399 from cloudflare/jasnell/ts-streams-its-fls-abort,Merge topology: component commits are indexed separately; final endpoint diff reviewed.,
735a2d7d4614355f4dd9179dcac9b42e630a2632,a0c6e25b38dd22a46c620b7aae0b5b0c9a45eff5,Stop identity stream aborts from waiting for a read,Host streams/compression implementation or tests: native WHATWG streams/Capn Web supply local substrate; no KJ pump port.,src/per_isolate/webstreams/identity.ts;src/per_isolate/webstreams/writable.ts;src/tests/streams/identity/AGENTS.md;src/tests/streams/identity/abort-propagation.js;src/tests/streams/identity/main.js
a0c6e25b38dd22a46c620b7aae0b5b0c9a45eff5,c12bb46e50932659afbf3d4393fb9d9904c0d0ba 64ea3d94fc2480ea05dea02900eeb49ba9469a00,Merge pull request #7395 from cloudflare/jasnell/ts-streams-native-fast-path-fix,Merge topology: component commits are indexed separately; final endpoint diff reviewed.,
c12bb46e50932659afbf3d4393fb9d9904c0d0ba,cf7258d78d7fff5d59c682d2e8dfb0da2b97bb6c,Release 2026-09-17,Release metadata: oracle/types pinned at final release; compatibility date not advanced.,src/workerd/io/maximum-compatibility-date.txt;src/workerd/io/release-version.txt
64ea3d94fc2480ea05dea02900eeb49ba9469a00,cf7258d78d7fff5d59c682d2e8dfb0da2b97bb6c,Keep native pipes from consuming a destination with pending writes,Host streams/compression implementation or tests: native WHATWG streams/Capn Web supply local substrate; no KJ pump port.,src/per_isolate/webstreams/readable.ts;src/per_isolate/webstreams/writable.ts;src/tests/streams/sockets/AGENTS.md;src/tests/streams/sockets/main.js;src/tests/streams/sockets/socket-streams.js;src/workerd/api/js-writable-stream-test.c++;src/workerd/api/js-writable-stream.c++;src/workerd/api/js-writable-stream.h
cf7258d78d7fff5d59c682d2e8dfb0da2b97bb6c,e47654cf81ed26dcf2977f2ba9aaf811af1e3bba c7e4fa2425ff87610eb2f294d1f0ff79fecaf906,Merge pull request #7391 from cloudflare/jasnell/ts-stream-batched-pipe-drain-abort-fix,Merge topology: component commits are indexed separately; final endpoint diff reviewed.,
c7e4fa2425ff87610eb2f294d1f0ff79fecaf906,04281be694f489a76be4b8e794f281e23771ce49,Address streams update review comments,Host streams/compression implementation or tests: native WHATWG streams/Capn Web supply local substrate; no KJ pump port.,src/per_isolate/webstreams/readable.ts;src/per_isolate/webstreams/writable.ts;src/tests/streams/piping/AGENTS.md;src/tests/streams/piping/main.js;src/tests/streams/piping/piping-modules.capnp;src/tests/streams/piping/shutdown-pending-read.js
04281be694f489a76be4b8e794f281e23771ce49,1310763f08dfee9fdb2403846f7ed2fd73929348,Wake a pipe from its destination's write completions,Host streams/compression implementation or tests: native WHATWG streams/Capn Web supply local substrate; no KJ pump port.,src/per_isolate/webstreams/readable.ts;src/per_isolate/webstreams/writable.ts;src/wpt/streams-test-ts.ts
1310763f08dfee9fdb2403846f7ed2fd73929348,e47654cf81ed26dcf2977f2ba9aaf811af1e3bba,Stop pipes from reading more than the destination desires,Host streams/compression implementation or tests: native WHATWG streams/Capn Web supply local substrate; no KJ pump port.,src/per_isolate/webstreams/readable.ts;src/per_isolate/webstreams/writable.ts;src/tests/streams/piping/AGENTS.md;src/tests/streams/piping/close-propagation.js;src/tests/streams/piping/main.js;src/tests/streams/piping/pipe-matrix.js;src/tests/streams/piping/piping-modules.capnp;src/tests/streams/piping/shutdown-backlog.js;src/wpt/streams-test-ts.ts
e47654cf81ed26dcf2977f2ba9aaf811af1e3bba,92f250233aee48bc861df832ed680f10717be333 7b1bf6ed627f4993fe8b1cce5d02e94a834df54b,Merge pull request #7398 from cloudflare/maizatskyi/2026-09-16-actor-keys,Merge topology: component commits are indexed separately; final endpoint diff reviewed.,
92f250233aee48bc861df832ed680f10717be333,04812ee7243a0542b33880f78b234735a39a80c2 1d909916f65e3f5283047a9854d0c65f44079391,Merge pull request #7389 from cloudflare/jasnell/ts-streams-tee-fixes,Merge topology: component commits are indexed separately; final endpoint diff reviewed.,
1d909916f65e3f5283047a9854d0c65f44079391,16ff91bc7bbb9d14f88bc0dc6ee9a5f823b97c08,Guard against cursor prefix already existing,Host streams/compression implementation or tests: native WHATWG streams/Capn Web supply local substrate; no KJ pump port.,src/per_isolate/webstreams/queue.ts;src/tests/streams/readable-byte/AGENTS.md;src/tests/streams/readable-byte/tee.js
9cfc9611756ef107bb9ce7c92cbcfb1021e2ef7b,04812ee7243a0542b33880f78b234735a39a80c2,Clean up containers on graceful shutdown,Separate Docker Containers service/client or tests: unrelated to local actor execution container.,src/workerd/server/container-client.c++;src/workerd/server/container-client.h;src/workerd/server/server.c++;src/workerd/server/tests/container-shutdown/BUILD.bazel;src/workerd/server/tests/container-shutdown/config.capnp;src/workerd/server/tests/container-shutdown/test.mjs;src/workerd/server/tests/container-shutdown/worker.mjs
04812ee7243a0542b33880f78b234735a39a80c2,74cd70f5100701cba3864ca3d9358a2d544bc917,node:fs: rename and copyFile replace an existing destination (#7394),Host Node compatibility implementation/tests: runtime does not port node modules; browser AsyncResource exception screened separately.,src/workerd/api/filesystem.c++;src/workerd/api/node/tests/fs-nodejs-test.js
64ae9494a2e06b2ae14911fa9c115cd2d9fdd61c,064327cc3b834b5982fb486f96b4d76cafdcb2b0,Abstract CrossThreadWaitList into SyncWaitList and introduce XThreadWaitList,Native build/tooling/refactor or KJ ownership primitive: no additional local public behavior.,src/workerd/util/BUILD.bazel;src/workerd/util/sync-wait-list-test.c++;src/workerd/util/sync-wait-list.h;src/workerd/util/wait-list-test.c++;src/workerd/util/wait-list.c++;src/workerd/util/wait-list.h;src/workerd/util/xthread-wait-list-test.c++
74cd70f5100701cba3864ca3d9358a2d544bc917,912cd94eb2720db4d542dcc474b5fcef561e486b,node:fs: open without O_CREAT is ENOENT for a missing path (#7393),Host Node compatibility implementation/tests: runtime does not port node modules; browser AsyncResource exception screened separately.,src/node/internal/filesystem.d.ts;src/node/internal/internal_fs_streams.ts;src/node/internal/internal_fs_sync.ts;src/workerd/api/filesystem.c++;src/workerd/api/filesystem.h;src/workerd/api/node/tests/fs-misc-test.js;src/workerd/api/node/tests/fs-nodejs-test.js;src/workerd/api/node/tests/fs-writestream-test.js;src/workerd/io/worker-fs.c++;src/workerd/io/worker-fs.h
7b1bf6ed627f4993fe8b1cce5d02e94a834df54b,912cd94eb2720db4d542dcc474b5fcef561e486b,make actor maps own their keys,Native lifetime fix: own actor/alarm map keys; local strings and actor identifiers are already owned JavaScript values.,src/workerd/server/alarm-scheduler-test.c++;src/workerd/server/alarm-scheduler.c++;src/workerd/server/alarm-scheduler.h;src/workerd/server/server.c++
912cd94eb2720db4d542dcc474b5fcef561e486b,8f241d73693abaa74c19d59d44dd8218f92e31db,Fix browser run keepAlive units,Separate Cloudflare product binding/types/tests: service remains host-owned; ambient types updated with oracle.,types/defines/browser-run.d.ts;types/generated-snapshot/experimental/index.d.ts;types/generated-snapshot/experimental/index.ts;types/generated-snapshot/index.d.ts;types/generated-snapshot/index.ts
8f241d73693abaa74c19d59d44dd8218f92e31db,bb63a85a36bff6fafe871c8af4c09341a6a72c82,feat(types): add Browser Run binding methods,Separate Cloudflare product binding/types/tests: service remains host-owned; ambient types updated with oracle.,types/defines/browser-run.d.ts;types/generated-snapshot/experimental/index.d.ts;types/generated-snapshot/experimental/index.ts;types/generated-snapshot/index.d.ts;types/generated-snapshot/index.ts
bb63a85a36bff6fafe871c8af4c09341a6a72c82,9c1ace9f38c4872bcef64eb6ed45f94346da547d 111dcddd1500ec2126d63971b0f81d685d088b91,Merge pull request #7374 from cloudflare/gv/be-able-to-set-debian-trixie,Merge topology: component commits are indexed separately; final endpoint diff reviewed.,
9c1ace9f38c4872bcef64eb6ed45f94346da547d,3103b25eaa5f090230fc17536d9ba22ec9b14252 1a0348b06a8e4acb1f94cb8f1c0de125b85b3365,Merge pull request #7387 from cloudflare/erikcorry/upstream-gc-timing,Merge topology: component commits are indexed separately; final endpoint diff reviewed.,
16ff91bc7bbb9d14f88bc0dc6ee9a5f823b97c08,bf21373abc20422b4d4eb209a169f8ddea6a357e,Invalidate a held byobRequest when a byte stream is teed,Host streams/compression implementation or tests: native WHATWG streams/Capn Web supply local substrate; no KJ pump port.,src/per_isolate/webstreams/readable.ts;src/tests/streams/readable-byte/AGENTS.md;src/tests/streams/readable-byte/main.js;src/tests/streams/readable-byte/tee.js
bf21373abc20422b4d4eb209a169f8ddea6a357e,307c86a002ae3faffe461389d9e4c86583d1de67,Keep released BYOB bytes on tee branches and across tee(),Host streams/compression implementation or tests: native WHATWG streams/Capn Web supply local substrate; no KJ pump port.,src/per_isolate/webstreams/queue.ts;src/per_isolate/webstreams/readable.ts;src/tests/streams/readable-byte/AGENTS.md;src/tests/streams/readable-byte/main.js;src/tests/streams/readable-byte/tee.js
111dcddd1500ec2126d63971b0f81d685d088b91,3103b25eaa5f090230fc17536d9ba22ec9b14252,container client: Add support for cloudflare/debian-trixie,Separate Docker Containers service/client or tests: unrelated to local actor execution container.,src/workerd/server/container-client.c++;src/workerd/server/tests/container-client/test.js
307c86a002ae3faffe461389d9e4c86583d1de67,3103b25eaa5f090230fc17536d9ba22ec9b14252,Stop released BYOB reads from taking later bytes,Host streams/compression implementation or tests: native WHATWG streams/Capn Web supply local substrate; no KJ pump port.,src/per_isolate/webstreams/queue.ts;src/per_isolate/webstreams/readable.ts;src/tests/streams/readable-byte/AGENTS.md;src/tests/streams/readable-byte/main.js;src/tests/streams/readable-byte/release-relock.js;src/tests/streams/readable-byte/tee.js
1a0348b06a8e4acb1f94cb8f1c0de125b85b3365,3103b25eaa5f090230fc17536d9ba22ec9b14252,Restrict GCs at inopportune moments.,"Native JSG/V8/Rust/KJ implementation, build or tests: ownership, GC and event-loop substrate is host-owned.",src/workerd/jsg/wrappable.c++
3103b25eaa5f090230fc17536d9ba22ec9b14252,d605e5257748dccb4a47adcfce960384906f3e5c 038850cc908f0362550ef2f2a24f44c68f70822d,Merge pull request #7384 from cloudflare/git-bruh-patch-1,Merge topology: component commits are indexed separately; final endpoint diff reviewed.,
038850cc908f0362550ef2f2a24f44c68f70822d,d605e5257748dccb4a47adcfce960384906f3e5c,.bazelrc: add native_arm64 no-op,"Build, dependency, release tooling or documentation: no local runtime behavior port.",.bazelrc
d605e5257748dccb4a47adcfce960384906f3e5c,134630da9758c6b86695275931653c2385c8ff3b d07b3e55822c3e0c3e605e058d3aa950cccfb00b,Merge pull request #7371 from cloudflare/joaquim/STOR-5647,Merge topology: component commits are indexed separately; final endpoint diff reviewed.,
d07b3e55822c3e0c3e605e058d3aa950cccfb00b,134630da9758c6b86695275931653c2385c8ff3b,Expose hibernatable WebSocket count,Host introspection: side-effect-free native hibernatable socket count; local registry/mirror retains live references without native wakeup.,src/workerd/io/hibernation-manager-test.c++;src/workerd/io/hibernation-manager.c++;src/workerd/io/hibernation-manager.h;src/workerd/io/legacy-hibernation-manager.c++;src/workerd/io/legacy-hibernation-manager.h;src/workerd/io/worker.h
134630da9758c6b86695275931653c2385c8ff3b,d188b0448c0bd77ae02a6ed3c0982d254172b505,Update WPT to wpt-b875b21fd (#7381),Upstream conformance/test infrastructure: host behavior; relevant local contracts verified separately.,build/deps/gen/shared_deps.MODULE.bazel;build/deps/shared_deps.jsonc;src/wpt/WebCryptoAPI-test.ts;src/wpt/websockets-test.ts
d188b0448c0bd77ae02a6ed3c0982d254172b505,adda2635656d09e541b0feeea796da9d2a8bc10e,kj-rs-tokio: timer test allows for the loop's cached time,"Native JSG/V8/Rust/KJ implementation, build or tests: ownership, GC and event-loop substrate is host-owned.",src/rust/cxx/kj-rs-tokio/tests/tokio-event-port-test.c++
adda2635656d09e541b0feeea796da9d2a8bc10e,d20512a6b1702058aabd2faded469ce78894d214,Release 2026-09-16,Release metadata: oracle/types pinned at final release; compatibility date not advanced.,src/workerd/io/maximum-compatibility-date.txt;src/workerd/io/release-version.txt
d20512a6b1702058aabd2faded469ce78894d214,7d18ad5f273762883d4caaa0970291db2104adaf 06873f66649f3c12d0c914bb09cdc86159331e89,Merge pull request #7344 from cloudflare/jasnell/node-streams-08-adapter-hardening,Merge topology: component commits are indexed separately; final endpoint diff reviewed.,
06873f66649f3c12d0c914bb09cdc86159331e89,3abd201e58ba0f801fde6199b144363d9f0c349a,Address streams impl feedback,Host Node compatibility implementation/tests: runtime does not port node modules; browser AsyncResource exception screened separately.,src/node/internal/streams_readable.js;src/node/internal/streams_writable.js;src/tests/node/stream/AGENTS.md;src/tests/node/stream/gc.js;src/tests/node/stream/main.js
3abd201e58ba0f801fde6199b144363d9f0c349a,9befa203e0a5b3468e9cd0b74333066a75616ec3,Mark http client/server tests as large,Host Node compatibility implementation/tests: runtime does not port node modules; browser AsyncResource exception screened separately.,src/tests/node/http-client/BUILD.bazel;src/tests/node/http-server/BUILD.bazel
9befa203e0a5b3468e9cd0b74333066a75616ec3,35cf36ea69844b702b0a62da77ef845824df050d,Pin data volumes and chunk shapes through the stream adapters,Host Node compatibility implementation/tests: runtime does not port node modules; browser AsyncResource exception screened separately.,src/tests/node/stream/AGENTS.md;src/tests/node/stream/data-volumes.js;src/tests/node/stream/main.js;src/tests/node/stream/stream-modules.capnp
35cf36ea69844b702b0a62da77ef845824df050d,ed1ee9d8b79c51b24c917aece8461078974384df,Pin chunk shapes through Readable.fromWeb,Host Node compatibility implementation/tests: runtime does not port node modules; browser AsyncResource exception screened separately.,src/tests/node/stream/AGENTS.md;src/tests/node/stream/main.js;src/tests/node/stream/readable-from-web.js
ed1ee9d8b79c51b24c917aece8461078974384df,08b0a55cd8898615ad403b66a2aa7078bbfd3179,Pin buffer hand-off and re-entrant teardown through the fromWeb adapters,Host Node compatibility implementation/tests: runtime does not port node modules; browser AsyncResource exception screened separately.,src/tests/node/stream/AGENTS.md;src/tests/node/stream/duplex-from-web.js;src/tests/node/stream/main.js;src/tests/node/stream/writable-from-web.js
08b0a55cd8898615ad403b66a2aa7078bbfd3179,b75904e53af4c60d8f137f8d1e66ab6a1473474e,"Pin re-entrant teardown, late errors and non-byte chunks through the toWeb adapters",Host Node compatibility implementation/tests: runtime does not port node modules; browser AsyncResource exception screened separately.,src/tests/node/stream/AGENTS.md;src/tests/node/stream/main.js;src/tests/node/stream/readable-to-web.js;src/tests/node/stream/writable-to-web.js
b75904e53af4c60d8f137f8d1e66ab6a1473474e,55acd4f5b03103ff7044401be8ea4c09aa82c065,Construct a toWeb stream before subscribing to the node stream it adapts,Host Node compatibility implementation/tests: runtime does not port node modules; browser AsyncResource exception screened separately.,src/node/internal/streams_readable.js;src/node/internal/streams_writable.js;src/tests/node/stream/AGENTS.md;src/tests/node/stream/main.js;src/tests/node/stream/readable-to-web.js;src/tests/node/stream/writable-to-web.js
55acd4f5b03103ff7044401be8ea4c09aa82c065,486ec67708565d3170b113215e5e8af2f33db589,Destroy a Readable.toWeb source whose chunk cannot be enqueued,Host Node compatibility implementation/tests: runtime does not port node modules; browser AsyncResource exception screened separately.,src/node/internal/streams_readable.js;src/tests/node/stream/AGENTS.md;src/tests/node/stream/main.js;src/tests/node/stream/readable-to-web.js;src/tests/node/stream/writable-to-web.js
486ec67708565d3170b113215e5e8af2f33db589,0a3ff36e948a0272cb2cdeeed7511bb704e22457,Subscribe end-of-stream to a legacy writable with two plain on() calls,Host Node compatibility implementation/tests: runtime does not port node modules; browser AsyncResource exception screened separately.,src/node/internal/streams_end_of_stream.ts;src/tests/node/stream/AGENTS.md;src/tests/node/stream/main.js;src/tests/node/stream/writable-to-web.js
0a3ff36e948a0272cb2cdeeed7511bb704e22457,225160966fa40d50f3e34751efff8aae9b82e17d,Keep a toWeb stream alive through the node stream it adapts,Host Node compatibility implementation/tests: runtime does not port node modules; browser AsyncResource exception screened separately.,src/node/internal/streams_readable.js;src/node/internal/streams_writable.js;src/tests/node/stream/AGENTS.md;src/tests/node/stream/gc.js;src/tests/node/stream/main.js;src/tests/node/stream/stream-cpp-pedantic.wd-test;src/tests/node/stream/stream-cpp.wd-test;src/tests/node/stream/stream-modules.capnp;src/tests/node/stream/stream-ts.wd-test;src/tests/streams/readable/AGENTS.md;src/tests/streams/readable/gc.js;src/tests/streams/readable/main.js
225160966fa40d50f3e34751efff8aae9b82e17d,6a34018c0ecf2971e72f292cdc7dbd3c15fcc0b3,Leave no web stream locked when a fromWeb adapter's construction throws,Host Node compatibility implementation/tests: runtime does not port node modules; browser AsyncResource exception screened separately.,src/node/internal/streams_duplex.js;src/node/internal/streams_readable.js;src/node/internal/streams_writable.js;src/tests/node/stream/AGENTS.md;src/tests/node/stream/helpers.js;src/tests/node/stream/main.js;src/tests/node/stream/stream-modules.capnp;src/tests/node/stream/then-pollution.js
6a34018c0ecf2971e72f292cdc7dbd3c15fcc0b3,f25a9fc3b5411a300f498fe2bc0179803acfca1a,Let Writable.toWeb's close() wait for a node side ended directly,Host Node compatibility implementation/tests: runtime does not port node modules; browser AsyncResource exception screened separately.,src/node/internal/streams_writable.js;src/tests/node/stream/AGENTS.md;src/tests/node/stream/main.js;src/tests/node/stream/writable-to-web.js
f25a9fc3b5411a300f498fe2bc0179803acfca1a,7d18ad5f273762883d4caaa0970291db2104adaf,Destroy Readable.fromWeb on a chunk it cannot push,Host Node compatibility implementation/tests: runtime does not port node modules; browser AsyncResource exception screened separately.,src/node/internal/streams_duplex.js;src/node/internal/streams_readable.js;src/tests/node/stream/AGENTS.md;src/tests/node/stream/duplex-from-web.js;src/tests/node/stream/main.js;src/tests/node/stream/readable-from-web.js
7d18ad5f273762883d4caaa0970291db2104adaf,287a3b8cff3d2f51a2332e8ccd31c34bf0f4f5ae ef2cd3b51cb6eda3f90dcedf9c11fcb150b8637a,Merge pull request #7343 from cloudflare/jasnell/node-streams-07-compose,Merge topology: component commits are indexed separately; final endpoint diff reviewed.,
287a3b8cff3d2f51a2332e8ccd31c34bf0f4f5ae,6c32b36057300e4fbc7c97b3e10f6bccafbe07ba b9104f0fcf0d520e160f12f957efa0dd62d2b3ae,Merge pull request #7377 from cloudflare/maizatskyi/2026-09-15-capnp-workerd,Merge topology: component commits are indexed separately; final endpoint diff reviewed.,
ef2cd3b51cb6eda3f90dcedf9c11fcb150b8637a,157bbeab1c8996794de501de5d5c74fbf9f44cd2,Address review feedback around the compose read loop,Host Node compatibility implementation/tests: runtime does not port node modules; browser AsyncResource exception screened separately.,src/node/internal/streams_compose.js;src/tests/node/stream/AGENTS.md;src/tests/node/stream/compose-web.js;src/tests/node/stream/main.js
157bbeab1c8996794de501de5d5c74fbf9f44cd2,7363b6abaa6f60c14135bb4f838b2518a64c7ba5,Destroy a composition on a web tail chunk it cannot push,Host Node compatibility implementation/tests: runtime does not port node modules; browser AsyncResource exception screened separately.,src/node/internal/streams_compose.js;src/tests/node/stream/compose-web.js;src/tests/node/stream/main.js
7363b6abaa6f60c14135bb4f838b2518a64c7ba5,43c109c9e455d2721e4d626c2599ba92a245698e,Tear down a compose() pipeline when the composed stream is destroyed,Host Node compatibility implementation/tests: runtime does not port node modules; browser AsyncResource exception screened separately.,src/node/internal/streams_compose.js;src/node/internal/streams_pipeline.d.ts;src/node/internal/streams_pipeline.js;src/tests/node/stream/AGENTS.md;src/tests/node/stream/compose-web.js;src/tests/node/stream/main.js
43c109c9e455d2721e4d626c2599ba92a245698e,ec3d985fb0e7ecb752e06ca7e3d069122e992f05,Drain a compose() node tail into the composed stream as it is produced,Host Node compatibility implementation/tests: runtime does not port node modules; browser AsyncResource exception screened separately.,src/node/internal/streams_compose.js;src/tests/node/stream/AGENTS.md;src/tests/node/stream/compose-web.js;src/tests/node/stream/main.js
ec3d985fb0e7ecb752e06ca7e3d069122e992f05,cbdf934e6befa376f8ee145eaefe6ee0c522efe0,Refuse a compose() shape that needs the interop hooks before taking any lock,Host Node compatibility implementation/tests: runtime does not port node modules; browser AsyncResource exception screened separately.,src/node/internal/streams_compose.js;src/tests/node/stream/compose-web.js
cbdf934e6befa376f8ee145eaefe6ee0c522efe0,6c32b36057300e4fbc7c97b3e10f6bccafbe07ba,Support web streams in stream.compose(),Host Node compatibility implementation/tests: runtime does not port node modules; browser AsyncResource exception screened separately.,src/node/internal/streams_compose.js;src/tests/node/AGENTS.md;src/tests/node/stream/AGENTS.md;src/tests/node/stream/compose-web.js;src/tests/node/stream/legacy-constructor-gate.js;src/tests/node/stream/legacy-main.js;src/tests/node/stream/main.js;src/tests/node/stream/stream-cpp-legacy.wd-test;src/tests/node/stream/stream-modules.capnp
6c32b36057300e4fbc7c97b3e10f6bccafbe07ba,67bb38ba0ee45fe0a3cbc6c09fb36328b99eb1ca e56984b15a87cfb8d8d49d4245c3dcfe13c1ec34,Merge pull request #7342 from cloudflare/jasnell/node-streams-06-interop-hooks,Merge topology: component commits are indexed separately; final endpoint diff reviewed.,
67bb38ba0ee45fe0a3cbc6c09fb36328b99eb1ca,216ed990ae4e55015b8e6798a05851b58249d53f,replace some recursive templates with auto deduce this,"Native JSG/V8/Rust/KJ implementation, build or tests: ownership, GC and event-loop substrate is host-owned.",src/workerd/jsg/iterator.h;src/workerd/jsg/jsg.h;src/workerd/jsg/promise.h;src/workerd/jsg/struct.h;src/workerd/jsg/type-wrapper.h;src/workerd/jsg/value.h
216ed990ae4e55015b8e6798a05851b58249d53f,6113a07be7e2437fab5d91f6f12fe23e63a658f0,kj-rs-io: KJ async I/O interfaces backed by tokio,"Native JSG/V8/Rust/KJ implementation, build or tests: ownership, GC and event-loop substrate is host-owned.",deps/rust/Cargo.lock;deps/rust/Cargo.toml;src/rust/cxx/AGENTS.md;src/rust/cxx/kj-rs-io/BUILD.bazel;src/rust/cxx/kj-rs-io/async-io.c++;src/rust/cxx/kj-rs-io/async-io.h;src/rust/cxx/kj-rs-io/bridge.h;src/rust/cxx/kj-rs-io/error.rs;src/rust/cxx/kj-rs-io/ffi.rs;src/rust/cxx/kj-rs-io/lib.rs;src/rust/cxx/kj-rs-io/net.rs;src/rust/cxx/kj-rs-io/peer-filter.c++;src/rust/cxx/kj-rs-io/peer-filter.h;src/rust/cxx/kj-rs-io/signal.rs;src/rust/cxx/kj-rs-io/stream.rs;src/rust/cxx/kj-rs-io/tests/BUILD.bazel;src/rust/cxx/kj-rs-io/tests/async-io-test.c++;src/rust/cxx/kj-rs-io/tests/capnp-rpc-test.c++;src/rust/cxx/kj-rs-io/tests/file-watcher-test.c++;src/rust/cxx/kj-rs-io/tests/http-test.c++;src/rust/cxx/kj-rs-io/tests/io-test-helpers.h;src/rust/cxx/kj-rs-io/tests/lib.rs;src/rust/cxx/kj-rs-io/tests/peer-filter-test.c++;src/rust/cxx/kj-rs-io/tests/test_helpers.rs;src/rust/cxx/kj-rs-io/watcher.rs
b9104f0fcf0d520e160f12f957efa0dd62d2b3ae,0afb71fd5fcdccaf8d39f5661ef51340ff662b89,update capnp,Host streams/compression implementation or tests: native WHATWG streams/Capn Web supply local substrate; no KJ pump port.,build/deps/gen/deps.MODULE.bazel;src/workerd/api/html-rewriter.c++;src/workerd/api/sockets.c++;src/workerd/api/streams/compression.c++;src/workerd/io/compatibility-date.c++;src/workerd/io/worker.c++;src/workerd/jsg/value.h;src/workerd/util/autogate.c++
e56984b15a87cfb8d8d49d4245c3dcfe13c1ec34,20e498c80492a1cab19f2208c80a9eceb52cd82a,Fix flaky net timeout test,Host Node compatibility implementation/tests: runtime does not port node modules; browser AsyncResource exception screened separately.,src/tests/node/net/AGENTS.md;src/tests/node/net/timeouts.js
6113a07be7e2437fab5d91f6f12fe23e63a658f0,6bc976942411f36f47a5ddf136e54cf8064cc4c2,build: finish narrowing kj-async deps to the layer each target uses,"Native JSG/V8/Rust/KJ implementation, build or tests: ownership, GC and event-loop substrate is host-owned.",src/rust/cxx-integration-test/BUILD.bazel;src/rust/worker/BUILD;src/workerd/server/BUILD.bazel;src/workerd/tests/BUILD.bazel
6bc976942411f36f47a5ddf136e54cf8064cc4c2,355237e112a924c1cef884da20258a51e09dc36c a40bc556e2cd2c8b0b258d490f6703c73edcceb5,Merge pull request #7364 from cloudflare/cormick/fix-code-cache,Merge topology: component commits are indexed separately; final endpoint diff reviewed.,
20e498c80492a1cab19f2208c80a9eceb52cd82a,a6253f0f7e720356304d029eac05c12a3abd0d5a,Ensure nodejs_compat finished(rs) works with teed sources,Host Node compatibility implementation/tests: runtime does not port node modules; browser AsyncResource exception screened separately.,src/per_isolate/webstreams/AGENTS.md;src/per_isolate/webstreams/readable.ts;src/tests/node/stream/AGENTS.md;src/tests/node/stream/finished-and-abort.js;src/tests/node/stream/main.js
355237e112a924c1cef884da20258a51e09dc36c,0afb71fd5fcdccaf8d39f5661ef51340ff662b89,kj-rs: arm the poll event directly on a same-thread stored-waker wake,"Native JSG/V8/Rust/KJ implementation, build or tests: ownership, GC and event-loop substrate is host-owned.",src/rust/cxx/kj-rs-tokio/tests/lib.rs;src/rust/cxx/kj-rs-tokio/tests/test_helpers.rs;src/rust/cxx/kj-rs-tokio/tests/tokio-event-port-test.c++;src/rust/cxx/kj-rs/tests/awaitables-cc-test.c++;src/rust/cxx/kj-rs/tests/lib.rs;src/rust/cxx/kj-rs/tests/test_futures.rs;src/rust/cxx/kj-rs/waker.c++;src/rust/cxx/kj-rs/waker.h
0afb71fd5fcdccaf8d39f5661ef51340ff662b89,b4bbf3b8f4b26e8f63356fa9e61556d505d943cb 4886a6772b1275cabc8296fd8de5730dfe4e8900,Merge pull request #7327 from cloudflare/maizatskyi/2026-09-11-log-periodically,Merge topology: component commits are indexed separately; final endpoint diff reviewed.,
a6253f0f7e720356304d029eac05c12a3abd0d5a,40acccf4bd3a4fa320ceb43a4cbe20ebb53acc1f,Cancel a queued tee's source when its last consumer leaves,Host Node compatibility implementation/tests: runtime does not port node modules; browser AsyncResource exception screened separately.,src/per_isolate/webstreams/AGENTS.md;src/per_isolate/webstreams/readable.ts;src/tests/node/stream/AGENTS.md;src/tests/node/stream/finished-and-abort.js;src/tests/node/stream/main.js;src/tests/streams/readable/AGENTS.md;src/tests/streams/readable/tee.js;src/wpt/streams-test-ts.ts
40acccf4bd3a4fa320ceb43a4cbe20ebb53acc1f,b4bbf3b8f4b26e8f63356fa9e61556d505d943cb,Support web streams in stream.finished() and addAbortSignal(),Host Node compatibility implementation/tests: runtime does not port node modules; browser AsyncResource exception screened separately.,src/node/internal/internal_errors.ts;src/node/internal/streams_add_abort_signal.ts;src/node/internal/streams_end_of_stream.ts;src/per_isolate/per_isolate-env.d.ts;src/per_isolate/primordials.ts;src/per_isolate/webstreams/AGENTS.md;src/per_isolate/webstreams/readable.ts;src/per_isolate/webstreams/writable.ts;src/tests/node/AGENTS.md;src/tests/node/stream/AGENTS.md;src/tests/node/stream/finished-and-abort.js;src/tests/node/stream/main.js;src/tests/node/stream/stream-modules.capnp
b4bbf3b8f4b26e8f63356fa9e61556d505d943cb,b577d291c1bf960306bedc91ffc5b5a115266fcd 2d0c3dd00e66943585b1c0fe3207849adc5d13bd,Merge pull request #7341 from cloudflare/jasnell/node-streams-05-http-client,Merge topology: component commits are indexed separately; final endpoint diff reviewed.,
b577d291c1bf960306bedc91ffc5b5a115266fcd,b9bbbb3f411b8e05329482466460657b0867076f de1c21ac95cec3403bd4ffdb116e9da4bef36a14,Merge pull request #7308 from cloudflare/jasnell/streams-alloc-tidy-check,Merge topology: component commits are indexed separately; final endpoint diff reviewed.,
b9bbbb3f411b8e05329482466460657b0867076f,2413260068718138a8da7138b9ddcad35bec11ac,Python: More minor improvements to patch_pyodide_asm (#7376),"Host Python interpreter/packages/tests: execution belongs to isolate channel, not local Worker Loader.",src/pyodide/internal/pool/builtin_wrappers.ts;src/pyodide/internal/util.ts;src/pyodide/tools/patch_pyodide_asm.ts
2d0c3dd00e66943585b1c0fe3207849adc5d13bd,325dff11ad993afc9572a8fdae4451374074cb4b,Address review feedback for the node/http-client tests,Host Node compatibility implementation/tests: runtime does not port node modules; browser AsyncResource exception screened separately.,src/node/internal/internal_http_client.ts;src/tests/node/http-client/AGENTS.md;src/tests/node/http-client/lifecycle.js;src/tests/node/http-client/request-body.js
325dff11ad993afc9572a8fdae4451374074cb4b,84555d441bc8b1f8060c4a1b1b11f8961f75f223,Pin data volumes and chunk shapes through the node http client,Host Node compatibility implementation/tests: runtime does not port node modules; browser AsyncResource exception screened separately.,src/tests/node/http-client/AGENTS.md;src/tests/node/http-client/data-volumes.js;src/tests/node/http-client/http-client-modules.capnp;src/tests/node/http-client/main.js
84555d441bc8b1f8060c4a1b1b11f8961f75f223,ab6b6c2cc472bdc6663067f137bdca4c50834907,Pin re-entrant teardown and invalid chunks through the node http client,Host Node compatibility implementation/tests: runtime does not port node modules; browser AsyncResource exception screened separately.,src/tests/node/http-client/AGENTS.md;src/tests/node/http-client/http-client-modules.capnp;src/tests/node/http-client/main.js;src/tests/node/http-client/reentrancy.js;src/tests/node/http-client/request-body.js
ab6b6c2cc472bdc6663067f137bdca4c50834907,46ec18ee56a8ddfc9c795724de49d4bd1043761b,Fail a node ClientRequest whose send throws,Host Node compatibility implementation/tests: runtime does not port node modules; browser AsyncResource exception screened separately.,src/node/internal/internal_http_client.ts;src/tests/node/http-client/AGENTS.md;src/tests/node/http-client/http-client-modules.capnp;src/tests/node/http-client/lifecycle.js;src/tests/node/http-client/main.js;src/tests/node/http-client/then-pollution.js
46ec18ee56a8ddfc9c795724de49d4bd1043761b,5bd322dbdc661fe6e8b220fed910f4f1aff8c3ae,Refuse a write after end() on a node ClientRequest,Host Node compatibility implementation/tests: runtime does not port node modules; browser AsyncResource exception screened separately.,src/node/internal/internal_http_client.ts;src/tests/node/http-client/AGENTS.md;src/tests/node/http-client/main.js;src/tests/node/http-client/request-body.js
5bd322dbdc661fe6e8b220fed910f4f1aff8c3ae,a364cbdd880c8b6506dcd5097ff65cb00a087141,Make the node ClientRequest's timeout an idle timer,Host Node compatibility implementation/tests: runtime does not port node modules; browser AsyncResource exception screened separately.,src/node/internal/internal_http_client.ts;src/node/internal/internal_http_incoming.ts;src/tests/node/http-client/AGENTS.md;src/tests/node/http-client/lifecycle.js;src/tests/node/http-client/main.js
a364cbdd880c8b6506dcd5097ff65cb00a087141,7869f758ef749a90aaad8f5813f27dab16712b6e,Set the exchange's timer from a node client response's setTimeout(),Host Node compatibility implementation/tests: runtime does not port node modules; browser AsyncResource exception screened separately.,src/node/internal/internal_http_client.ts;src/node/internal/internal_http_incoming.ts;src/tests/node/http-client/AGENTS.md;src/tests/node/http-client/lifecycle.js;src/tests/node/http-client/main.js;src/workerd/api/node/tests/http-client-nodejs-test.js;src/workerd/api/node/tests/http-server-nodejs-test.js
7869f758ef749a90aaad8f5813f27dab16712b6e,923859e13f261d25adcbdbfbd96b7822464df0cc,Finish a node OutgoingMessage at its 'close' in end-of-stream,Host Node compatibility implementation/tests: runtime does not port node modules; browser AsyncResource exception screened separately.,src/node/internal/streams_end_of_stream.ts;src/tests/node/http-client/AGENTS.md;src/tests/node/http-client/lifecycle.js;src/tests/node/http-client/main.js;src/tests/node/http-server/AGENTS.md;src/tests/node/http-server/main.js;src/tests/node/http-server/response-body.js;src/workerd/api/node/tests/streams-nodejs-test.js
923859e13f261d25adcbdbfbd96b7822464df0cc,99bf4efb200dc0340bbbe4afd1acc62dc2863d80,Dump a node client response nobody listens for,Host Node compatibility implementation/tests: runtime does not port node modules; browser AsyncResource exception screened separately.,src/node/internal/internal_http_client.ts;src/tests/node/http-client/AGENTS.md;src/tests/node/http-client/lifecycle.js;src/tests/node/http-client/main.js
99bf4efb200dc0340bbbe4afd1acc62dc2863d80,0b4bd80c3a666c66943b1136cc3437c594a121f1,Add framing-failure replies to the node:http client sidecar,Host Node compatibility implementation/tests: runtime does not port node modules; browser AsyncResource exception screened separately.,src/tests/node/http-client/AGENTS.md;src/tests/node/http-client/BUILD.bazel;src/tests/node/http-client/harness.js;src/tests/node/http-client/http-client-cpp.wd-test;src/tests/node/http-client/http-client-ts.wd-test;src/tests/node/http-client/http-servers.js;src/tests/node/http-client/lifecycle.js;src/tests/node/http-client/main.js
0b4bd80c3a666c66943b1136cc3437c594a121f1,49810d3caf262ed1723ced1e277e78d97a9e7e56,Pin the node client response's pipe() backpressure,Host Node compatibility implementation/tests: runtime does not port node modules; browser AsyncResource exception screened separately.,src/tests/node/http-client/AGENTS.md;src/tests/node/http-client/interop.js;src/tests/node/http-client/main.js
49810d3caf262ed1723ced1e277e78d97a9e7e56,4b557e8ba3733f70b8bb56d0d795ad58a5e2289e,Copy a node ClientRequest's written chunks at write(),Host Node compatibility implementation/tests: runtime does not port node modules; browser AsyncResource exception screened separately.,src/node/internal/internal_http_client.ts;src/tests/node/http-client/AGENTS.md;src/tests/node/http-client/main.js;src/tests/node/http-client/request-body.js
4b557e8ba3733f70b8bb56d0d795ad58a5e2289e,fcea7095f1dc2eb49c07572e579903b451caa6c5,Add the spec index to the node:http client suite,Host Node compatibility implementation/tests: runtime does not port node modules; browser AsyncResource exception screened separately.,src/tests/node/http-client/AGENTS.md
fcea7095f1dc2eb49c07572e579903b451caa6c5,270e1b9e385f1eed920f792d44e27e336fcdf660,Expose a node ClientRequest's response as req.res,Host Node compatibility implementation/tests: runtime does not port node modules; browser AsyncResource exception screened separately.,src/node/internal/internal_http_client.ts;src/tests/node/http-client/lifecycle.js
270e1b9e385f1eed920f792d44e27e336fcdf660,2069d75f0d61df3670b66d6ee5e0dbb72d61d58d,Fire a node ClientRequest's timeout once and tear the request down,Host Node compatibility implementation/tests: runtime does not port node modules; browser AsyncResource exception screened separately.,src/node/internal/internal_http_client.ts;src/tests/node/http-client/lifecycle.js;src/tests/node/http-client/main.js
2069d75f0d61df3670b66d6ee5e0dbb72d61d58d,6f708d676c47f81d5163c4ac38250bdec9532bcc,Make a node ClientRequest's abort() the quiet destroy Node defines,Host Node compatibility implementation/tests: runtime does not port node modules; browser AsyncResource exception screened separately.,src/node/internal/internal_http_client.ts;src/tests/node/http-client/lifecycle.js;src/tests/node/http-client/main.js
6f708d676c47f81d5163c4ac38250bdec9532bcc,844ec5972c150539eddbc393dfcb88ff3d5a41e4,Tear down a node ClientRequest as Node does when it is destroyed or fails,Host Node compatibility implementation/tests: runtime does not port node modules; browser AsyncResource exception screened separately.,src/node/internal/internal_http_client.ts;src/node/internal/internal_http_outgoing.ts;src/tests/node/http-client/lifecycle.js;src/tests/node/http-client/main.js;src/workerd/api/node/tests/http-client-nodejs-test.js;src/workerd/api/node/tests/http-client-path-ssrf-test.js
844ec5972c150539eddbc393dfcb88ff3d5a41e4,10663d7a5eaec53bc5003f121089b5232c47ee2c,Emit a node client response's 'close' once,Host Node compatibility implementation/tests: runtime does not port node modules; browser AsyncResource exception screened separately.,src/node/internal/internal_http_incoming.ts;src/tests/node/http-client/lifecycle.js
10663d7a5eaec53bc5003f121089b5232c47ee2c,2413260068718138a8da7138b9ddcad35bec11ac,Add node:http client suite,Host Node compatibility implementation/tests: runtime does not port node modules; browser AsyncResource exception screened separately.,src/tests/node/AGENTS.md;src/tests/node/http-client/BUILD.bazel;src/tests/node/http-client/harness.js;src/tests/node/http-client/http-client-cpp.wd-test;src/tests/node/http-client/http-client-modules.capnp;src/tests/node/http-client/http-client-ts.wd-test;src/tests/node/http-client/http-servers.js;src/tests/node/http-client/interop.js;src/tests/node/http-client/lifecycle.js;src/tests/node/http-client/main.js;src/tests/node/http-client/request-body.js;src/tests/node/http-client/response-body.js;src/tests/node/http-client/which-impl.js;src/workerd/api/node/tests/BUILD.bazel;src/workerd/api/node/tests/http-client-nodejs-server.js;src/workerd/api/node/tests/http-client-nodejs-test.js;src/workerd/api/node/tests/http-client-nodejs-test.wd-test
a40bc556e2cd2c8b0b258d490f6703c73edcceb5,2413260068718138a8da7138b9ddcad35bec11ac,"fix code cache; attach type of code being cached, flags used while evaluating","Native JSG/V8/Rust/KJ implementation, build or tests: ownership, GC and event-loop substrate is host-owned.",build/config/BUILD.bazel;build/wd_js_bundle.bzl;build/wd_ts_script_bundle.bzl;src/rust/gen-compile-cache/cxx-bridge.c++;src/rust/gen-compile-cache/cxx-bridge.h;src/rust/gen-compile-cache/main.rs;src/workerd/io/BUILD.bazel;src/workerd/io/per-isolate-bootstrap.c++;src/workerd/io/per-isolate-compile-cache-test.c++;src/workerd/tests/test-fixture.c++;src/workerd/tests/test-fixture.h
2413260068718138a8da7138b9ddcad35bec11ac,42fa1532005ffb4606fa3236954dd22e2a87d712,Fix kj-rs waker result race during joined readiness,"Native JSG/V8/Rust/KJ implementation, build or tests: ownership, GC and event-loop substrate is host-owned.",src/rust/cxx/kj-rs/awaiter.c++;src/rust/cxx/kj-rs/awaiter.h;src/rust/cxx/kj-rs/tests/awaitables-cc-test.c++;src/rust/cxx/kj-rs/tests/lib.rs;src/rust/cxx/kj-rs/tests/test_futures.rs
42fa1532005ffb4606fa3236954dd22e2a87d712,836d5053cb0ec8598f12a38876a0c1a428b2cc54 dc2c6c0da11b0a09bedaefd8944e3b0eb7b7c935,Merge pull request #7369 from cloudflare/gbedford/fs-open-trunc,Merge topology: component commits are indexed separately; final endpoint diff reviewed.,
836d5053cb0ec8598f12a38876a0c1a428b2cc54,aed3512d78b8cf3132eb27625919bcf9ee94f36d 6155084d7785d869fc27286c62e13bb5ebaa752d,Merge pull request #7340 from cloudflare/jasnell/node-streams-04-http-server,Merge topology: component commits are indexed separately; final endpoint diff reviewed.,
aed3512d78b8cf3132eb27625919bcf9ee94f36d,05801ff6c1c4e7a9eea94494647525255e7cf4e2,Add scheduling time to alarm storage spans (#7359),Native observability: scheduled-time tags in alarm storage spans; no local native span observer.,src/workerd/api/actor-state.c++;src/workerd/api/tests/actor-kv-test-tail.js;src/workerd/api/tests/actor-kv-test.js;src/workerd/api/tests/tail-worker-test.js
6155084d7785d869fc27286c62e13bb5ebaa752d,0ecfdd7344bedf0406a8bde8de4104ea7acabe0b,Address multiple review comments,Host Node compatibility implementation/tests: runtime does not port node modules; browser AsyncResource exception screened separately.,src/node/internal/internal_http_server.ts;src/tests/node/http-server/AGENTS.md;src/tests/node/http-server/http-server-cpp-legacy.wd-test;src/tests/node/http-server/http-server-cpp.wd-test;src/tests/node/http-server/http-server-modules.capnp;src/tests/node/http-server/legacy-main.js;src/tests/node/http-server/legacy-rejection-tracking.js;src/tests/node/http-server/listener-rejections.js;src/tests/node/http-server/main.js;src/tests/node/http-server/reentrancy.js;src/tests/node/http-server/request-destroy.js;src/tests/node/http-server/response-body.js;src/tests/node/http-server/response-lifecycle.js;src/tests/streams/identity/AGENTS.md;src/tests/streams/identity/cancel-propagation.js;src/tests/streams/identity/main.js
0ecfdd7344bedf0406a8bde8de4104ea7acabe0b,5702ee2e047dd1ee31f4f8a05da1ee990ae88635,Pin data volumes and chunk shapes through the node http server,Host Node compatibility implementation/tests: runtime does not port node modules; browser AsyncResource exception screened separately.,src/tests/node/http-server/AGENTS.md;src/tests/node/http-server/data-volumes.js;src/tests/node/http-server/http-server-modules.capnp;src/tests/node/http-server/main.js
5702ee2e047dd1ee31f4f8a05da1ee990ae88635,ef18a11251c8cc9b79040330e46c8912810e1bb0,"Pin body-stream failures, Content-Length lies and re-entrancy through the node http server",Host Node compatibility implementation/tests: runtime does not port node modules; browser AsyncResource exception screened separately.,src/tests/node/http-server/AGENTS.md;src/tests/node/http-server/http-server-modules.capnp;src/tests/node/http-server/main.js;src/tests/node/http-server/reentrancy.js;src/tests/node/http-server/request-body-failures.js;src/tests/node/http-server/response-body.js;src/tests/node/http-server/then-pollution.js
ef18a11251c8cc9b79040330e46c8912810e1bb0,4fa964dfcdf6ce911e6027b9e503490e4a4c73c0,Tear down a node ServerResponse whose async request listener rejects,Host Node compatibility implementation/tests: runtime does not port node modules; browser AsyncResource exception screened separately.,src/node/internal/internal_http_server.ts;src/tests/node/http-server/AGENTS.md;src/tests/node/http-server/main.js;src/tests/node/http-server/response-lifecycle.js
4fa964dfcdf6ce911e6027b9e503490e4a4c73c0,70ece7a9ff1edd2802029cfe3f34ef7396163ee3,Drop a node ServerResponse's buffered chunks once it is destroyed,Host Node compatibility implementation/tests: runtime does not port node modules; browser AsyncResource exception screened separately.,src/node/internal/internal_http_server.ts;src/tests/node/http-server/AGENTS.md;src/tests/node/http-server/harness.js;src/tests/node/http-server/main.js;src/tests/node/http-server/response-lifecycle.js
70ece7a9ff1edd2802029cfe3f34ef7396163ee3,4e1a644b86412dd508eb5da7805eee4bd7b6d904,Pipe a node IncomingMessage with the Readable's pipe(),Host Node compatibility implementation/tests: runtime does not port node modules; browser AsyncResource exception screened separately.,src/node/internal/internal_http_incoming.ts;src/tests/node/http-server/AGENTS.md;src/tests/node/http-server/http-server-modules.capnp;src/tests/node/http-server/main.js;src/tests/node/http-server/piping.js
4e1a644b86412dd508eb5da7805eee4bd7b6d904,a11810be9cb7f1508d53d1dd7dc7d0c96a5ba553,Copy the node ServerResponse's written chunks before enqueueing them,Host Node compatibility implementation/tests: runtime does not port node modules; browser AsyncResource exception screened separately.,src/node/internal/internal_http_server.ts;src/tests/node/http-server/AGENTS.md;src/tests/node/http-server/buffer-lifecycle.js;src/tests/node/http-server/http-server-modules.capnp;src/tests/node/http-server/main.js
a11810be9cb7f1508d53d1dd7dc7d0c96a5ba553,c17a94ab2bbc80d1d3bd2f40e5c85f7b3cf08de7,Honor the node http server's rejectNonStandardBodyWrites option,Host Node compatibility implementation/tests: runtime does not port node modules; browser AsyncResource exception screened separately.,src/node/internal/internal_http_server.ts;src/tests/node/http-server/AGENTS.md;src/tests/node/http-server/main.js;src/tests/node/http-server/response-body.js
c17a94ab2bbc80d1d3bd2f40e5c85f7b3cf08de7,aaad68f9966f62d0ce57a516d8df4e7b9386d147,Send no body in the node http server's reply to a HEAD,Host Node compatibility implementation/tests: runtime does not port node modules; browser AsyncResource exception screened separately.,src/node/internal/internal_http_server.ts;src/tests/node/http-server/AGENTS.md;src/tests/node/http-server/legacy-constructor-gate.js;src/tests/node/http-server/main.js;src/tests/node/http-server/response-body.js
aaad68f9966f62d0ce57a516d8df4e7b9386d147,2938927c0d837a299e74ec90a7e04fb85b491651,Add the legacy cell and the spec index to the node:http server suite,Host Node compatibility implementation/tests: runtime does not port node modules; browser AsyncResource exception screened separately.,src/tests/node/http-server/AGENTS.md;src/tests/node/http-server/BUILD.bazel;src/tests/node/http-server/http-server-cpp-legacy.wd-test;src/tests/node/http-server/legacy-constructor-gate.js;src/tests/node/http-server/legacy-main.js;src/tests/node/http-server/response-body.js
2938927c0d837a299e74ec90a7e04fb85b491651,a4747435f77d468424b6877ebc9dc2af4cad3f90,Tear down the node ServerResponse's Response and body when it is destroyed,Host Node compatibility implementation/tests: runtime does not port node modules; browser AsyncResource exception screened separately.,src/node/internal/internal_http_server.ts;src/tests/node/http-server/main.js;src/tests/node/http-server/response-body.js;src/tests/node/http-server/response-lifecycle.js;src/workerd/api/node/tests/http-outgoing-nodejs-test.js
a4747435f77d468424b6877ebc9dc2af4cad3f90,7a463ad6a3889b0a59ccd7ca66761518fd1ce9c9,Cancel the node IncomingMessage's body stream when the message is destroyed,Host Node compatibility implementation/tests: runtime does not port node modules; browser AsyncResource exception screened separately.,src/node/internal/internal_http_incoming.ts;src/tests/node/http-server/main.js;src/tests/node/http-server/request-destroy.js
7a463ad6a3889b0a59ccd7ca66761518fd1ce9c9,2a8cd7ec4083e652646e64a7933b2895c0589fb9,Keep the node IncomingMessage's body reader across backpressure pauses,Host Node compatibility implementation/tests: runtime does not port node modules; browser AsyncResource exception screened separately.,src/node/internal/internal_http_incoming.ts;src/tests/node/http-server/main.js;src/tests/node/http-server/request-body.js
2a8cd7ec4083e652646e64a7933b2895c0589fb9,170d432f5e450e7cd91f6d7858dd6f4b62b02a70,Add node:http server suite,Host Node compatibility implementation/tests: runtime does not port node modules; browser AsyncResource exception screened separately.,src/tests/node/AGENTS.md;src/tests/node/http-server/BUILD.bazel;src/tests/node/http-server/harness.js;src/tests/node/http-server/http-server-cpp.wd-test;src/tests/node/http-server/http-server-modules.capnp;src/tests/node/http-server/http-server-ts.wd-test;src/tests/node/http-server/main.js;src/tests/node/http-server/request-body.js;src/tests/node/http-server/request-destroy.js;src/tests/node/http-server/response-body.js;src/tests/node/http-server/response-lifecycle.js;src/tests/node/http-server/which-impl.js;src/workerd/api/node/tests/http-server-nodejs-test.js
170d432f5e450e7cd91f6d7858dd6f4b62b02a70,05801ff6c1c4e7a9eea94494647525255e7cf4e2,Import Buffer in the node http OutgoingMessage,Host Node compatibility implementation/tests: runtime does not port node modules; browser AsyncResource exception screened separately.,src/node/internal/internal_http_outgoing.ts
05801ff6c1c4e7a9eea94494647525255e7cf4e2,90c767007d78f81136a864c3ec732255c0a3ee10 b46ec6b2f6c4a9624bee77b7aa5e8fdc142410c5,Merge pull request #7339 from cloudflare/jasnell/node-streams-03-net,Merge topology: component commits are indexed separately; final endpoint diff reviewed.,
90c767007d78f81136a864c3ec732255c0a3ee10,f0811d88b94fb7ed7c5ad9799660b31090bb7fb6,node:fs: fix offset/length bounds validation for buffer read/write (#7368),Host Node compatibility implementation/tests: runtime does not port node modules; browser AsyncResource exception screened separately.,src/node/internal/internal_fs_callback.ts;src/node/internal/internal_fs_promises.ts;src/node/internal/internal_fs_utils.ts;src/workerd/api/node/tests/fs-nodejs-test.js
f0811d88b94fb7ed7c5ad9799660b31090bb7fb6,446bff590e96a82c30dbb0d729918175f0da4489 32a19999f132d2f069c7500a526b69be3426441a,Merge pull request #7323 from cloudflare/apeacock/owned-jsrpc-replay-plan,Merge topology: component commits are indexed separately; final endpoint diff reviewed.,
446bff590e96a82c30dbb0d729918175f0da4489,980d3ceb44ac7424013f6761e44597f0ce0caaba 44e84d3f4d132824fd86e9fe48f783bd941b2752,Merge pull request #7295 from cloudflare/jasnell/expand-js-rpc-streams-coverage,Merge topology: component commits are indexed separately; final endpoint diff reviewed.,
4886a6772b1275cabc8296fd8de5730dfe4e8900,980d3ceb44ac7424013f6761e44597f0ce0caaba,thread-safe LOG_PERIODICALLY,Native observability/lifetime or tests: local public no-op tracing handled separately; no observer delivery backend.,src/workerd/util/sentry-test.c++;src/workerd/util/sentry.h
b46ec6b2f6c4a9624bee77b7aa5e8fdc142410c5,4c5dbb8580a47c5bc542478c78ade5a34b1e8920,Address review and fixups after rebase,Host Node compatibility implementation/tests: runtime does not port node modules; browser AsyncResource exception screened separately.,src/node/internal/internal_net.ts;src/tests/node/net/AGENTS.md;src/tests/node/net/end-and-destroy.js;src/tests/node/net/half-close.js;src/tests/node/net/legacy-onread.js;src/tests/node/net/main.js;src/tests/node/net/onread.js
980d3ceb44ac7424013f6761e44597f0ce0caaba,4bad72c5c4d4d2f559e63bbb258544cc4e64cdf3 12ead33d0a942521745f34833317acf3cd2efabc,Merge pull request #7307 from ghostwriternr/fix/container-named-images-no-default,Merge topology: component commits are indexed separately; final endpoint diff reviewed.,
4c5dbb8580a47c5bc542478c78ade5a34b1e8920,a4ec14d4d5db2138216d7491f1bcd1f262f58dfd,"Pin re-entrancy, then pollution and a resizable onread buffer through the node socket",Host Node compatibility implementation/tests: runtime does not port node modules; browser AsyncResource exception screened separately.,src/tests/node/net/AGENTS.md;src/tests/node/net/main.js;src/tests/node/net/net-modules.capnp;src/tests/node/net/onread.js;src/tests/node/net/reentrancy.js;src/tests/node/net/then-pollution.js
a4ec14d4d5db2138216d7491f1bcd1f262f58dfd,1025306aec2de95b429b9d8d769cb43e77ac1809,Pin data shapes and volumes through the node socket,Host Node compatibility implementation/tests: runtime does not port node modules; browser AsyncResource exception screened separately.,src/tests/node/net/AGENTS.md;src/tests/node/net/data-volumes.js;src/tests/node/net/main.js;src/tests/node/net/net-modules.capnp
1025306aec2de95b429b9d8d769cb43e77ac1809,6b8c0166518717b750950c28d6c5c3792ef3b119,Report every rejected node socket write to its callback,Host Node compatibility implementation/tests: runtime does not port node modules; browser AsyncResource exception screened separately.,src/node/internal/internal_net.ts
6b8c0166518717b750950c28d6c5c3792ef3b119,3e736f236b834baaa3bd6fa55e5ea71e62f3c830,"Add reset, trickle and utf8-split servers to the node:net sidecar",Host Node compatibility implementation/tests: runtime does not port node modules; browser AsyncResource exception screened separately.,src/tests/node/net/AGENTS.md;src/tests/node/net/BUILD.bazel;src/tests/node/net/end-and-destroy.js;src/tests/node/net/main.js;src/tests/node/net/net-cpp-legacy.wd-test;src/tests/node/net/net-cpp.wd-test;src/tests/node/net/net-ts.wd-test;src/tests/node/net/servers.js;src/tests/node/net/tcp-servers.js
3e736f236b834baaa3bd6fa55e5ea71e62f3c830,c4e38c2f0d66563ccedd8b869f78fabc8082c6d3,Report the node socket's read-loop failures,Host Node compatibility implementation/tests: runtime does not port node modules; browser AsyncResource exception screened separately.,src/node/internal/internal_errors.ts;src/node/internal/internal_net.ts;src/node/internal/internal_tls_wrap.ts;src/tests/node/net/AGENTS.md;src/tests/node/net/main.js;src/tests/node/net/onread.js
c4e38c2f0d66563ccedd8b869f78fabc8082c6d3,9c01f565e9214ee8c490a77501380d88bcfe19b7,Leave a node socket without an idle timer after setTimeout(0),Host Node compatibility implementation/tests: runtime does not port node modules; browser AsyncResource exception screened separately.,src/node/internal/internal_net.ts;src/tests/node/net/AGENTS.md;src/tests/node/net/servers.js;src/tests/node/net/timeouts.js
9c01f565e9214ee8c490a77501380d88bcfe19b7,ffb4ddae6c86c79d09083fb06a9392a706932b51,Add the legacy cell and the spec index to the node:net suite,Host Node compatibility implementation/tests: runtime does not port node modules; browser AsyncResource exception screened separately.,src/tests/node/net/AGENTS.md;src/tests/node/net/BUILD.bazel;src/tests/node/net/legacy-main.js;src/tests/node/net/legacy-onread.js;src/tests/node/net/net-cpp-legacy.wd-test
ffb4ddae6c86c79d09083fb06a9392a706932b51,ec1bb487183d3e9dac477eb407526b0ee7cd3d4f,Run one read loop per node socket and keep reading into a fixed onread buffer,Host Node compatibility implementation/tests: runtime does not port node modules; browser AsyncResource exception screened separately.,src/node/internal/internal_net.ts;src/tests/node/net/main.js;src/tests/node/net/net-modules.capnp;src/tests/node/net/onread.js;src/tests/node/net/servers.js
ec1bb487183d3e9dac477eb407526b0ee7cd3d4f,3b840a57c28f299e94690949d6e64dad1a84fec0,Surface a node socket's EOF without a consumer,Host Node compatibility implementation/tests: runtime does not port node modules; browser AsyncResource exception screened separately.,src/node/internal/internal_net.ts;src/tests/node/net/backpressure.js;src/tests/node/net/half-close.js;src/tests/node/net/main.js;src/workerd/api/node/tests/net-nodejs-test.js
3b840a57c28f299e94690949d6e64dad1a84fec0,ed735c389a6b9aef9d47dee0103919a1eb677fa0,Restart the node socket's idle timer without re-registering listeners,Host Node compatibility implementation/tests: runtime does not port node modules; browser AsyncResource exception screened separately.,src/node/internal/internal_net.ts;src/tests/node/net/main.js;src/tests/node/net/timeouts.js
ed735c389a6b9aef9d47dee0103919a1eb677fa0,f7dd327d80199a233af122a41bdc31ccafd46caf,Emit the node socket's destroy error once,Host Node compatibility implementation/tests: runtime does not port node modules; browser AsyncResource exception screened separately.,src/node/internal/internal_net.ts;src/tests/node/net/end-and-destroy.js;src/tests/node/net/main.js
f7dd327d80199a233af122a41bdc31ccafd46caf,67242a28b4fd8c10166466c957f7b261f7d8764a,Count string writes in the node socket's bytesWritten,Host Node compatibility implementation/tests: runtime does not port node modules; browser AsyncResource exception screened separately.,src/node/internal/internal_net.ts;src/tests/node/net/connect-lifecycle.js;src/tests/node/net/echo-roundtrip.js;src/tests/node/net/main.js
67242a28b4fd8c10166466c957f7b261f7d8764a,4a67ea0c5a431c23d23fa97e349a7f48d3c6ba8e,Let the node socket alone end its writable side on peer EOF,Host Node compatibility implementation/tests: runtime does not port node modules; browser AsyncResource exception screened separately.,src/node/internal/internal_net.ts;src/tests/node/net/end-and-destroy.js;src/tests/node/net/half-close.js;src/tests/node/net/main.js
4a67ea0c5a431c23d23fa97e349a7f48d3c6ba8e,4bad72c5c4d4d2f559e63bbb258544cc4e64cdf3,Add node:net suite,Host Node compatibility implementation/tests: runtime does not port node modules; browser AsyncResource exception screened separately.,src/tests/node/AGENTS.md;src/tests/node/net/BUILD.bazel;src/tests/node/net/backpressure.js;src/tests/node/net/connect-lifecycle.js;src/tests/node/net/echo-roundtrip.js;src/tests/node/net/end-and-destroy.js;src/tests/node/net/half-close.js;src/tests/node/net/interop.js;src/tests/node/net/main.js;src/tests/node/net/net-cpp.wd-test;src/tests/node/net/net-modules.capnp;src/tests/node/net/net-ts.wd-test;src/tests/node/net/servers.js;src/tests/node/net/tcp-servers.js;src/tests/node/net/timeouts.js;src/tests/node/net/which-impl.js;src/workerd/api/node/tests/BUILD.bazel;src/workerd/api/node/tests/net-nodejs-tcp-server.js;src/workerd/api/node/tests/net-nodejs-test.js;src/workerd/api/node/tests/net-nodejs-test.wd-test
4bad72c5c4d4d2f559e63bbb258544cc4e64cdf3,4b8802572742f0de72c40ea3490eaaddccc4e8cd 0bb39e2495f1e0ad61a86f359830402aff2b893e,Merge pull request #7338 from cloudflare/jasnell/node-streams-02-pipeline,Merge topology: component commits are indexed separately; final endpoint diff reviewed.,
4b8802572742f0de72c40ea3490eaaddccc4e8cd,6ab017323b1f5b975e6811dce0f46e6cc59f8882 c50c1badec2fcfc63d742b3e83e4a01f352f5c23,Merge pull request #7292 from cloudflare/dependabot/npm_and_yarn/next-16.3.3,Merge topology: component commits are indexed separately; final endpoint diff reviewed.,
32a19999f132d2f069c7500a526b69be3426441a,07e22ef2fa8463c0f4182a1be5b60807f0db51d0,STOR-5621: Add JS RPC sender benchmarks,"Distributed actor retries: replay eligibility, claims, deduplication, budgets, observers or backoff require absent service protocol.",src/workerd/api/BUILD.bazel;src/workerd/api/bench-jsrpc-sender.c++;src/workerd/api/jsrpc-call-plan-test.c++
6ab017323b1f5b975e6811dce0f46e6cc59f8882,bc591a45c6db518c8714b805bd70fc908f96df0b a41a74cfca87d23b4bd4313ecb66f0ae4020b128,Merge pull request #7345 from cloudflare/apeacock/actor-fetch-retry-eligibility,Merge topology: component commits are indexed separately; final endpoint diff reviewed.,
a41a74cfca87d23b4bd4313ecb66f0ae4020b128,bc591a45c6db518c8714b805bd70fc908f96df0b,Report whether an actor fetch target supports retries,"Distributed actor retries: replay eligibility, claims, deduplication, budgets, observers or backoff require absent service protocol.",src/workerd/api/actor-fetch-retry-test.c++;src/workerd/api/fetch-body-rewindable-test.c++;src/workerd/api/http.c++;src/workerd/io/observer.h;src/workerd/tests/test-fixture.h
12ead33d0a942521745f34833317acf3cd2efabc,826ca8ac4139b5b872330f968a6a167b48094c92 bc591a45c6db518c8714b805bd70fc908f96df0b,Merge branch 'main' into fix/container-named-images-no-default,Merge topology: component commits are indexed separately; final endpoint diff reviewed.,
bc591a45c6db518c8714b805bd70fc908f96df0b,20d4ecd46d3a3409e35b48b0979189b523655cc7 60626a600bf06bebe8080174a424152ea4f3fa8b,Merge pull request #7353 from cloudflare/apeacock/fix-multireplica-do-retries,Merge topology: component commits are indexed separately; final endpoint diff reviewed.,
20d4ecd46d3a3409e35b48b0979189b523655cc7,edd9aaa8679dc35ce101eb3d50acf21e3050017a 95edab081eef9c3517ee499a701b80d6b70d1c1f,Merge pull request #7370 from cloudflare/pkhanna/facet-uaf,Merge topology: component commits are indexed separately; final endpoint diff reviewed.,
95edab081eef9c3517ee499a701b80d6b70d1c1f,e52fd0797ba2a46f73d03cece2109032aad5b447,fix(server): facet channel UaF after alarm timeout,Native facet lifetime fix: shared root access-time allocation; local facets retain explicit tree/context and no dangling native parent access pointer.,src/workerd/server/server-test.c++;src/workerd/server/server.c++
60626a600bf06bebe8080174a424152ea4f3fa8b,edd9aaa8679dc35ce101eb3d50acf21e3050017a,Support disabling retries for multi-replica actors,"Distributed actor retries: replay eligibility, claims, deduplication, budgets, observers or backoff require absent service protocol.",src/workerd/api/actor-call-retry.h;src/workerd/api/actor-fetch-retry-test.c++;src/workerd/api/actor.c++;src/workerd/api/actor.h;src/workerd/api/export-loopback.h;src/workerd/server/workerd-api.c++
44e84d3f4d132824fd86e9fe48f783bd941b2752,146631de30a5d453360bc4d21a78e9a837dee4a5,Address jsrpc streams test review feedback,Native RPC stream regression coverage; KJ pumps and Capn Proto stream transfer absent locally.,src/workerd/api/tests/js-rpc-streams-crossflag-test.js;src/workerd/api/tests/js-rpc-writable-teardown-test.js
edd9aaa8679dc35ce101eb3d50acf21e3050017a,bdb80d4db55af1ea2271a71f6ef01a330541f37d,update dependencies to latest version,Separate Workflows service/types: no local engine; ambient contract comes from updated Workers types.,.github/workflows/bigbonk.yml;.github/workflows/bonk.yml;.github/workflows/new-pr-review.yml;build/deps/gen/build_deps.MODULE.bazel;build/deps/gen/deps.MODULE.bazel;deps/rust/Cargo.lock
146631de30a5d453360bc4d21a78e9a837dee4a5,454835d8b33fb155eea0b510dc1219428f9e02c4,Expand cross-impl js-rpc streams failure coverage,Native RPC stream regression coverage; KJ pumps and Capn Proto stream transfer absent locally.,src/workerd/api/tests/BUILD.bazel;src/workerd/api/tests/js-rpc-streams-crossflag-test.js;src/workerd/api/tests/js-rpc-writable-teardown-crossflag-reverse-test.wd-test;src/workerd/api/tests/js-rpc-writable-teardown-crossflag-test.wd-test;src/workerd/api/tests/js-rpc-writable-teardown-test.js
454835d8b33fb155eea0b510dc1219428f9e02c4,bdb80d4db55af1ea2271a71f6ef01a330541f37d,Expand js-rpc streams happy-path tests,Native RPC stream regression coverage; KJ pumps and Capn Proto stream transfer absent locally.,src/workerd/api/tests/BUILD.bazel;src/workerd/api/tests/js-rpc-streams-crossflag-reverse-test.wd-test;src/workerd/api/tests/js-rpc-streams-crossflag-test.js;src/workerd/api/tests/js-rpc-streams-crossflag-test.wd-test
0bb39e2495f1e0ad61a86f359830402aff2b893e,32f84d256d7835cb14624f54dfdf2b27736335f2,Address streams test improvements reviews,Host Node compatibility implementation/tests: runtime does not port node modules; browser AsyncResource exception screened separately.,src/node/internal/streams_pipeline.js;src/tests/node/stream/AGENTS.md;src/tests/node/stream/main.js;src/tests/node/stream/pipeline-web.js
dc2c6c0da11b0a09bedaefd8944e3b0eb7b7c935,e52fd0797ba2a46f73d03cece2109032aad5b447,node:fs: honour O_TRUNC in open,Host Node compatibility implementation/tests: runtime does not port node modules; browser AsyncResource exception screened separately.,src/node/internal/filesystem.d.ts;src/node/internal/internal_fs_sync.ts;src/workerd/api/filesystem.c++;src/workerd/api/filesystem.h;src/workerd/api/node/tests/fs-nodejs-test.js;src/workerd/io/worker-fs.c++;src/workerd/io/worker-fs.h
32f84d256d7835cb14624f54dfdf2b27736335f2,8f7a642195eaa4ff050910cae1270695545312a4,Fail a pipeline as soon as its web source errors,Host Node compatibility implementation/tests: runtime does not port node modules; browser AsyncResource exception screened separately.,src/node/internal/streams_pipeline.js;src/tests/node/stream/AGENTS.md;src/tests/node/stream/main.js;src/tests/node/stream/pipeline-web.js
8f7a642195eaa4ff050910cae1270695545312a4,f89f3b60cf3a55e72c65323f3c14f56b29f5f29a,Pin an unconvertible web chunk and a pending-read abort through pipeline(),Host Node compatibility implementation/tests: runtime does not port node modules; browser AsyncResource exception screened separately.,src/tests/node/stream/AGENTS.md;src/tests/node/stream/main.js;src/tests/node/stream/pipeline-web.js
f89f3b60cf3a55e72c65323f3c14f56b29f5f29a,717208912014a4a634bde4bb904370dedf0ec145,Fail a pipeline whose web destination is already locked,Host Node compatibility implementation/tests: runtime does not port node modules; browser AsyncResource exception screened separately.,src/node/internal/streams_pipeline.js;src/tests/node/stream/AGENTS.md;src/tests/node/stream/main.js;src/tests/node/stream/pipeline-web.js
717208912014a4a634bde4bb904370dedf0ec145,9d2b78530680eaae11144deacc2e990546734e28,Fail a pipeline as soon as its web destination errors,Host Node compatibility implementation/tests: runtime does not port node modules; browser AsyncResource exception screened separately.,src/node/internal/streams_pipeline.js;src/tests/node/stream/AGENTS.md;src/tests/node/stream/main.js;src/tests/node/stream/pipeline-web.js
9d2b78530680eaae11144deacc2e990546734e28,359f4062bc861e72cf62c04fbf8a7de7441d4243,Read a pipeline's web source through a reader its teardown can cancel,Host Node compatibility implementation/tests: runtime does not port node modules; browser AsyncResource exception screened separately.,src/node/internal/streams_pipeline.js;src/tests/node/stream/AGENTS.md;src/tests/node/stream/main.js;src/tests/node/stream/pipeline-web.js
359f4062bc861e72cf62c04fbf8a7de7441d4243,bdb80d4db55af1ea2271a71f6ef01a330541f37d,Support web streams in stream.pipeline(),Host Node compatibility implementation/tests: runtime does not port node modules; browser AsyncResource exception screened separately.,src/node/internal/streams_pipeline.js;src/node/internal/streams_promises.ts;src/tests/node/AGENTS.md;src/tests/node/stream/AGENTS.md;src/tests/node/stream/legacy-constructor-gate.js;src/tests/node/stream/legacy-main.js;src/tests/node/stream/main.js;src/tests/node/stream/pipeline-web.js;src/tests/node/stream/stream-cpp-legacy.wd-test;src/tests/node/stream/stream-modules.capnp
bdb80d4db55af1ea2271a71f6ef01a330541f37d,e52fd0797ba2a46f73d03cece2109032aad5b447 26e6ee69b8d4bc0de61c9b3eec2528d68313a67d,Merge pull request #7336 from cloudflare/jasnell/node-streams-01-stream-adapters,Merge topology: component commits are indexed separately; final endpoint diff reviewed.,
e52fd0797ba2a46f73d03cece2109032aad5b447,f75e6b45ffed96225991f129276d1659c050dc1b,Release 2026-09-15,Release metadata: oracle/types pinned at final release; compatibility date not advanced.,src/workerd/io/maximum-compatibility-date.txt;src/workerd/io/release-version.txt
f75e6b45ffed96225991f129276d1659c050dc1b,aec43b417e59211c5531ccfc060dac9e0a214f8b,chore: Tidy up Pyodide patches (#7367),"Host Python interpreter/packages/tests: execution belongs to isolate channel, not local Worker Loader.",build/deps/pyodide.MODULE.bazel;build/python_metadata.bzl;src/pyodide/internal/pool/builtin_wrappers.ts;src/pyodide/internal/util.ts;src/pyodide/tools/patch_pyodide_asm.ts
26e6ee69b8d4bc0de61c9b3eec2528d68313a67d,db3b361fa3b68b29fa75ed6ee426a8d1e616b745,Bound the work of three node:stream adapter tests,Host Node compatibility implementation/tests: runtime does not port node modules; browser AsyncResource exception screened separately.,src/tests/node/stream/readable-from-web.js;src/tests/node/stream/readable-to-web.js
aec43b417e59211c5531ccfc060dac9e0a214f8b,d14feab2ef309488ad10d65cb59fc0abaaf01ba2 35125c9e9a37bcc3aeba8b495a69b1d16955abc1,Fix memory snapshots with Python 3.14 (#7311),Merge topology: component commits are indexed separately; final endpoint diff reviewed.,
35125c9e9a37bcc3aeba8b495a69b1d16955abc1,18f1fbe6350440ddea1c5b0dd1706e701fcc80f4,"Add vendored packages tests for shapely, pillow and pywavelets","Host Python interpreter/packages/tests: execution belongs to isolate channel, not local Worker Loader.",build/deps/pyodide.MODULE.bazel;build/python_metadata.bzl;src/pyodide/default.profraw;src/workerd/server/tests/python/vendor_pkg_tests/BUILD;src/workerd/server/tests/python/vendor_pkg_tests/Pillow.py;src/workerd/server/tests/python/vendor_pkg_tests/Pillow_vendor.wd-test;src/workerd/server/tests/python/vendor_pkg_tests/pywavelets.py;src/workerd/server/tests/python/vendor_pkg_tests/pywavelets_vendor.wd-test
18f1fbe6350440ddea1c5b0dd1706e701fcc80f4,2a6975624c3e8174032d4e4240be76dd244e6b96,Add a mechanism for Pyodide-version-specific snapshot flags,"Host Python interpreter/packages/tests: execution belongs to isolate channel, not local Worker Loader.",build/deps/pyodide.MODULE.bazel;build/python_metadata.bzl;src/pyodide/internal/snapshot.ts
2a6975624c3e8174032d4e4240be76dd244e6b96,4cfb37f741640d7a48a8692eac89d83b2221894b,Python snapshot release: make update-released flag only refer to baseline snapshots,Separate Workflows service/types: no local engine; ambient contract comes from updated Workers types.,.github/workflows/release-python-snapshots.yml;src/pyodide/make_snapshots.py
4cfb37f741640d7a48a8692eac89d83b2221894b,81e7d3edaeb24f076119b8e16cc090ddeac3a23a,Fix memory snapshots with Python 3.14,"Host Python interpreter/packages/tests: execution belongs to isolate channel, not local Worker Loader.",build/deps/pyodide.MODULE.bazel;build/python_metadata.bzl;src/pyodide/internal/snapshot.ts;src/pyodide/tools/patch_pyodide_asm.ts;src/pyodide/types/emscripten.d.ts;src/workerd/server/tests/python/vendor_pkg_tests/BUILD
d14feab2ef309488ad10d65cb59fc0abaaf01ba2,4cd51d96a3199748409f3126d895617f4b3d4ebe,[build] JSG: move TypeWrapper members that ignore the type list to a base,"Native JSG/V8/Rust/KJ implementation, build or tests: ownership, GC and event-loop substrate is host-owned.",src/workerd/jsg/jsg.h;src/workerd/jsg/setup.h;src/workerd/jsg/type-wrapper.h
db3b361fa3b68b29fa75ed6ee426a8d1e616b745,7912065cb96b69549bcba09dda9d39ea35dd6ea6,"Pin the Duplex.fromWeb validation, locking, half-open and destroy semantics",Host Node compatibility implementation/tests: runtime does not port node modules; browser AsyncResource exception screened separately.,src/tests/node/stream/AGENTS.md;src/tests/node/stream/duplex-from-web.js;src/tests/node/stream/main.js
7912065cb96b69549bcba09dda9d39ea35dd6ea6,4fccc0de721007bd9ba90c3c6d42828672489b98,Close a Readable.toWeb stream on a Duplex source's readable EOF alone,Host Node compatibility implementation/tests: runtime does not port node modules; browser AsyncResource exception screened separately.,src/node/internal/streams_readable.js;src/tests/node/stream/AGENTS.md;src/tests/node/stream/duplex-to-web.js;src/tests/node/stream/main.js
81e7d3edaeb24f076119b8e16cc090ddeac3a23a,245a578ccac1a3e4a3dd10f224d84a569903f2a0,Make PYODIDE_VERSION refer to realPyodideVersion (not 'dev'),"Host Python interpreter/packages/tests: execution belongs to isolate channel, not local Worker Loader.",src/pyodide/internal/const.ts;src/pyodide/internal/metadata.ts;src/pyodide/internal/python.ts;src/workerd/io/worker-modules.c++
4fccc0de721007bd9ba90c3c6d42828672489b98,c8be269063e7b9d0620db7277a38ba1f0dacfa87,Add legacy and pedantic cells and the spec index to the node:stream suite,Host Node compatibility implementation/tests: runtime does not port node modules; browser AsyncResource exception screened separately.,src/tests/node/stream/AGENTS.md;src/tests/node/stream/BUILD.bazel;src/tests/node/stream/legacy-constructor-gate.js;src/tests/node/stream/legacy-main.js;src/tests/node/stream/stream-cpp-legacy.wd-test;src/tests/node/stream/stream-cpp-pedantic.wd-test
c8be269063e7b9d0620db7277a38ba1f0dacfa87,d5d3da554e9793c25cc090db4075f5d712d632d6,Fix Duplex.from() marking the wrong side finished for writable: false,Host Node compatibility implementation/tests: runtime does not port node modules; browser AsyncResource exception screened separately.,src/node/internal/streams_duplex.js;src/tests/node/stream/duplex-from.js;src/tests/node/stream/main.js;src/tests/node/stream/stream-modules.capnp
d5d3da554e9793c25cc090db4075f5d712d632d6,0eef9edf7337b062e63271024bf44de9689a69ca,Expand the node:stream web-interop suite,Host Node compatibility implementation/tests: runtime does not port node modules; browser AsyncResource exception screened separately.,src/tests/node/stream/bodies.js;src/tests/node/stream/consumers.js;src/tests/node/stream/duplex-to-web.js;src/tests/node/stream/main.js;src/tests/node/stream/readable-from-web.js;src/tests/node/stream/readable-from.js;src/tests/node/stream/readable-to-web.js;src/tests/node/stream/stream-cpp.wd-test;src/tests/node/stream/stream-modules.capnp;src/tests/node/stream/stream-ts.wd-test;src/tests/node/stream/writable-from-web.js;src/tests/node/stream/writable-to-web.js
0eef9edf7337b062e63271024bf44de9689a69ca,45002850bd29758bf274845bfff74231b1a12906,Fix Duplex.fromWeb never destroying the duplex on web-side errors,Host Node compatibility implementation/tests: runtime does not port node modules; browser AsyncResource exception screened separately.,src/node/internal/streams_duplex.js;src/tests/node/stream/duplex-from-web.js;src/tests/node/stream/main.js
45002850bd29758bf274845bfff74231b1a12906,2490a5d61834372b56bb5674debd349e1dfca904,Fix the fromWeb adapters' _writev completion after a failed write,Host Node compatibility implementation/tests: runtime does not port node modules; browser AsyncResource exception screened separately.,src/node/internal/streams_duplex.js;src/node/internal/streams_writable.js;src/tests/node/stream/main.js;src/tests/node/stream/writable-from-web.js
2490a5d61834372b56bb5674debd349e1dfca904,77890f1d80637de255c7d51bc08b3c56c36b6f08,Fix Writable.fromWeb writing buffered-entry objects in _writev,Host Node compatibility implementation/tests: runtime does not port node modules; browser AsyncResource exception screened separately.,src/node/internal/streams_writable.js;src/tests/node/stream/duplex-from-web.js;src/tests/node/stream/main.js;src/tests/node/stream/writable-from-web.js
77890f1d80637de255c7d51bc08b3c56c36b6f08,c6b11ad165bd7bece13f0c62fcd44a13d66cabfd,Fix the stream adapters destroying their counterpart with the wrong destroy,Host Node compatibility implementation/tests: runtime does not port node modules; browser AsyncResource exception screened separately.,src/node/internal/streams_readable.js;src/node/internal/streams_writable.js;src/tests/node/stream/main.js;src/tests/node/stream/readable-to-web.js;src/tests/node/stream/writable-from-web.js;src/tests/node/stream/writable-to-web.js
c6b11ad165bd7bece13f0c62fcd44a13d66cabfd,4d8752757741511e6669972dc0306381cf99fe7f,Fix Writable.toWeb never observing the node stream's completion,Host Node compatibility implementation/tests: runtime does not port node modules; browser AsyncResource exception screened separately.,src/node/internal/streams_writable.js;src/tests/node/stream/main.js;src/tests/node/stream/writable-to-web.js
4d8752757741511e6669972dc0306381cf99fe7f,4cd51d96a3199748409f3126d895617f4b3d4ebe,Add node:stream web-interop suite,Host Node compatibility implementation/tests: runtime does not port node modules; browser AsyncResource exception screened separately.,src/tests/node/AGENTS.md;src/tests/node/stream/BUILD.bazel;src/tests/node/stream/api-surface.js;src/tests/node/stream/bodies.js;src/tests/node/stream/duplex-from-web.js;src/tests/node/stream/duplex-to-web.js;src/tests/node/stream/main.js;src/tests/node/stream/readable-from-web.js;src/tests/node/stream/readable-to-web.js;src/tests/node/stream/stream-cpp.wd-test;src/tests/node/stream/stream-modules.capnp;src/tests/node/stream/stream-ts.wd-test;src/tests/node/stream/which-impl.js;src/tests/node/stream/writable-from-web.js;src/tests/node/stream/writable-to-web.js;src/tests/streams/AGENTS.md;src/workerd/api/node/tests/streams-test.js
4cd51d96a3199748409f3126d895617f4b3d4ebe,98c78568c28bf0547a00d583bcbd987dcba2b93a f958f1572012d10ada18644f568cacfa20a18943,Merge pull request #7335 from cloudflare/jasnell/streams-pin-error-pending-close,Merge topology: component commits are indexed separately; final endpoint diff reviewed.,
98c78568c28bf0547a00d583bcbd987dcba2b93a,daf75b0659248505add7101add5c2dc51767a477,node: make the isolate the port namespace for http and net servers (#7357),Host Node compatibility implementation/tests: runtime does not port node modules; browser AsyncResource exception screened separately.,src/cloudflare/internal/http.ts;src/cloudflare/internal/sockets.d.ts;src/cloudflare/node.ts;src/node/internal/http.d.ts;src/node/internal/internal_http_server.ts;src/node/internal/internal_net.ts;src/workerd/api/node/tests/net-server-nodejs-test.js;src/workerd/api/node/tests/net-server-nodejs-test.wd-test;src/workerd/api/sockets.c++;src/workerd/api/sockets.h;src/workerd/io/io-context.c++;src/workerd/io/io-context.h
f958f1572012d10ada18644f568cacfa20a18943,e56ff79f4db27ab5f43e50f02119f7f1d0a6207d,Address review feedback on streams fix,Host streams/compression implementation or tests: native WHATWG streams/Capn Web supply local substrate; no KJ pump port.,src/tests/streams/readable/AGENTS.md;src/tests/streams/readable/controller.js
daf75b0659248505add7101add5c2dc51767a477,245a578ccac1a3e4a3dd10f224d84a569903f2a0,Update Cargo.toml dependencies and export Cargo.toml in BUILD.bazel,"Build, dependency, release tooling or documentation: no local runtime behavior port.",deps/rust/BUILD.bazel;deps/rust/Cargo.toml
245a578ccac1a3e4a3dd10f224d84a569903f2a0,ec2e9804302709317edb71048bd6a4cfc67da922 5305fbdeb484a5f287e869e288c1d56b0f8d187e,Merge pull request #7304 from ThomasRubini/trubini/connect_remote_addr_workerd,Merge topology: component commits are indexed separately; final endpoint diff reviewed.,
ec2e9804302709317edb71048bd6a4cfc67da922,7d85161d821b7f9cd31aee6aca86853a8736510d aac847986e4bb00eed857486bd52c63fc65bfe2b,Merge pull request #7355 from cloudflare/maizatskyi/2026-09-14-inspector-test,Merge topology: component commits are indexed separately; final endpoint diff reviewed.,
aac847986e4bb00eed857486bd52c63fc65bfe2b,1735073ee5bd914c2d41d6250715a4f8b7c1e7ea,disable profiler tests under tsan,Upstream inspector/profiler test configuration; no local V8 inspector implementation.,src/workerd/server/tests/inspector/BUILD.bazel;src/workerd/server/tests/inspector/driver.mjs;src/workerd/server/tests/inspector/inspector-test-harness.mjs;src/workerd/server/tests/inspector/profiler-driver.mjs
07e22ef2fa8463c0f4182a1be5b60807f0db51d0,7d85161d821b7f9cd31aee6aca86853a8736510d,STOR-5621: Prepare owned JS RPC call plans,"Distributed actor retries: replay eligibility, claims, deduplication, budgets, observers or backoff require absent service protocol.",src/workerd/api/BUILD.bazel;src/workerd/api/basics.c++;src/workerd/api/http.c++;src/workerd/api/http.h;src/workerd/api/js-writable-stream.c++;src/workerd/api/jsrpc-call-plan-test.c++;src/workerd/api/streams/writable.c++;src/workerd/api/tests/BUILD.bazel;src/workerd/api/tests/js-rpc-params-transfer-ownership-test.js;src/workerd/api/tests/js-rpc-params-transfer-ownership-test.wd-test;src/workerd/api/worker-rpc.c++;src/workerd/api/worker-rpc.h
7d85161d821b7f9cd31aee6aca86853a8736510d,ef476abe58cf77881a060364ea0910558436c1cb,Python workers: Replace string Pyodide patches with ast patches (#7325),"Host Python interpreter/packages/tests: execution belongs to isolate channel, not local Worker Loader.",justfile;package.json;pnpm-lock.yaml;src/pyodide/helpers.bzl;src/pyodide/tools/BUILD.bazel;src/pyodide/tools/eslint.config.mjs;src/pyodide/tools/patch_pyodide_asm.ts;src/pyodide/tools/tsconfig.json;src/pyodide/tsconfig.json
ef476abe58cf77881a060364ea0910558436c1cb,c018b9f4680564bc5eeffe1f9ff31c8926ebe3a5,build: depend on the kj-async layer each target actually uses,"Native JSG/V8/Rust/KJ implementation, build or tests: ownership, GC and event-loop substrate is host-owned.",src/rust/memory-cache/ffi/BUILD.bazel;src/workerd/api/BUILD.bazel;src/workerd/io/BUILD.bazel;src/workerd/server/BUILD.bazel;src/workerd/tests/BUILD.bazel;src/workerd/util/BUILD.bazel
c018b9f4680564bc5eeffe1f9ff31c8926ebe3a5,db75e6012cdca18f08e0a7d1ce5f10ad3b0866ad,Release 2026-09-14,Release metadata: oracle/types pinned at final release; compatibility date not advanced.,src/workerd/io/maximum-compatibility-date.txt;src/workerd/io/release-version.txt
db75e6012cdca18f08e0a7d1ce5f10ad3b0866ad,17e4f5a73014286398fcf4e14f22c9caaffec42d,Release 2026-09-13,Release metadata: oracle/types pinned at final release; compatibility date not advanced.,src/workerd/io/maximum-compatibility-date.txt;src/workerd/io/release-version.txt
5305fbdeb484a5f287e869e288c1d56b0f8d187e,b03c003d0a3bb24d42fbb4a8d5882245220c1559,rename clientIp to clientAddress,Native build/tooling/refactor or KJ ownership primitive: no additional local public behavior.,src/workerd/api/global-scope.c++;src/workerd/api/global-scope.h;src/workerd/io/io-channels.h;src/workerd/io/worker-entrypoint.c++;src/workerd/io/worker-entrypoint.h;src/workerd/server/server.c++
b03c003d0a3bb24d42fbb4a8d5882245220c1559,44a73b8960e0efb9489722a6aba258d7a9fdad87,chore: update capnproto,"Build, dependency, release tooling or documentation: no local runtime behavior port.",build/deps/gen/deps.MODULE.bazel
44a73b8960e0efb9489722a6aba258d7a9fdad87,17e4f5a73014286398fcf4e14f22c9caaffec42d,feat: expose client IP as remoteAddress in TCP connect() handler,Host TCP/UDP/TLS transport or tests: no local cloudflare:sockets/connect event substrate.,src/workerd/api/global-scope.c++;src/workerd/api/global-scope.h;src/workerd/api/sockets.h;src/workerd/api/tests/connect-handler-test-proxy.js;src/workerd/api/tests/connect-handler-test.js;src/workerd/io/io-channels.h;src/workerd/io/worker-entrypoint.c++;src/workerd/io/worker-entrypoint.h;src/workerd/server/server.c++
e56ff79f4db27ab5f43e50f02119f7f1d0a6207d,561bea4ba37989258820511c2dd0c6a205f34d74,Pin error() during a pending close in the readable stream suites,Host streams/compression implementation or tests: native WHATWG streams/Capn Web supply local substrate; no KJ pump port.,src/tests/streams/readable-byte/AGENTS.md;src/tests/streams/readable-byte/controller.js;src/tests/streams/readable-byte/main.js;src/tests/streams/readable/AGENTS.md;src/tests/streams/readable/controller.js;src/tests/streams/readable/main.js
17e4f5a73014286398fcf4e14f22c9caaffec42d,10c0673595ff30fc520e5d0da1c74be9b68b6977,node:net: add net.Server and cloudflare:node connectHandler (#7306),Host Node compatibility implementation/tests: runtime does not port node modules; browser AsyncResource exception screened separately.,src/cloudflare/internal/http.ts;src/cloudflare/internal/sockets.d.ts;src/cloudflare/node.ts;src/node/internal/http.d.ts;src/node/internal/internal_errors.ts;src/node/internal/internal_http_server.ts;src/node/internal/internal_net.ts;src/workerd/api/global-scope.c++;src/workerd/api/node/tests/BUILD.bazel;src/workerd/api/node/tests/net-nodejs-test.js;src/workerd/api/node/tests/net-nodejs-test.wd-test;src/workerd/api/node/tests/net-server-nodejs-test.js;src/workerd/api/node/tests/net-server-nodejs-test.wd-test;src/workerd/api/sockets.c++;src/workerd/api/sockets.h;src/workerd/api/tests/BUILD.bazel;src/workerd/api/tests/connect-half-open-test.js;src/workerd/api/tests/connect-half-open-test.wd-test;src/workerd/io/io-context.c++;src/workerd/io/io-context.h;src/workerd/io/worker.h;src/workerd/server/server.c++;src/workerd/server/server.h;src/workerd/server/workerd-api.c++;src/workerd/server/workerd-api.h;types/defines/node.d.ts;types/generated-snapshot/experimental/index.d.ts;types/generated-snapshot/index.d.ts
10c0673595ff30fc520e5d0da1c74be9b68b6977,909e388c86905a217391cb557ac3260f1daff3d0,kj-rs-tokio: a kj::EventPort driven by a per-thread tokio runtime,"Native JSG/V8/Rust/KJ implementation, build or tests: ownership, GC and event-loop substrate is host-owned.",src/rust/cxx/AGENTS.md;src/rust/cxx/kj-rs-tokio/BUILD.bazel;src/rust/cxx/kj-rs-tokio/ffi.rs;src/rust/cxx/kj-rs-tokio/lib.rs;src/rust/cxx/kj-rs-tokio/port.rs;src/rust/cxx/kj-rs-tokio/tests/BUILD.bazel;src/rust/cxx/kj-rs-tokio/tests/lib.rs;src/rust/cxx/kj-rs-tokio/tests/test-helpers.h;src/rust/cxx/kj-rs-tokio/tests/test_helpers.rs;src/rust/cxx/kj-rs-tokio/tests/tokio-event-port-test.c++;src/rust/cxx/kj-rs-tokio/tokio-event-port.c++;src/rust/cxx/kj-rs-tokio/tokio-event-port.h
909e388c86905a217391cb557ac3260f1daff3d0,3e02c0f6d791ba21f9b4149be261453c022e383c,Release 2026-09-12,Release metadata: oracle/types pinned at final release; compatibility date not advanced.,src/workerd/io/maximum-compatibility-date.txt;src/workerd/io/release-version.txt
3e02c0f6d791ba21f9b4149be261453c022e383c,7d232930c8c14fd763a7b4ab09b6cdc30b16b755,Python: Add numpy vendor snapshot stability test (#7326),"Host Python interpreter/packages/tests: execution belongs to isolate channel, not local Worker Loader.",build/deps/dep_pyodide.bzl;build/deps/pyodide.MODULE.bazel;build/python_metadata.bzl;src/pyodide/make_snapshots.py;src/workerd/server/tests/python/py_wd_test.bzl;src/workerd/server/tests/python/vendor_pkg_tests/BUILD
7d232930c8c14fd763a7b4ab09b6cdc30b16b755,3a1aba72bdb2baa351b068632c11bb9bc6091b7b,sockets: close() with a pipe close in flight logged an uncaught exception (#7313),Host streams/compression implementation or tests: native WHATWG streams/Capn Web supply local substrate; no KJ pump port.,src/tests/streams/sockets/main.js;src/tests/streams/sockets/socket-streams.js;src/tests/streams/sockets/sockets-cpp.wd-test;src/tests/streams/sockets/sockets-ts.wd-test;src/workerd/api/sockets.c++;src/workerd/api/streams/internal.c++;src/workerd/server/tests/socket-close/BUILD.bazel;src/workerd/server/tests/socket-close/socket-close-pending-pipe.js;src/workerd/server/tests/socket-close/socket-close-pending-pipe.wd-test;src/workerd/server/tests/socket-close/socket-close-test.mjs
826ca8ac4139b5b872330f968a6a167b48094c92,3a1aba72bdb2baa351b068632c11bb9bc6091b7b,CC-8364 Allow containers without imageName,Separate Docker Containers service/client or tests: unrelated to local actor execution container.,src/workerd/api/container-test.c++;src/workerd/api/container.c++;src/workerd/server/container-client.c++;src/workerd/server/container-client.h;src/workerd/server/server-test.c++;src/workerd/server/server.c++;src/workerd/server/tests/container-client/container-client.wd-test;src/workerd/server/tests/container-client/test.js;src/workerd/server/workerd.capnp
c50c1badec2fcfc63d742b3e83e4a01f352f5c23,9038845f2bb7b8d88fdd8abbca40433ea7fae91c,Fix opennext-ssr-test for Next.js 16.3.3,Upstream OpenNext integration-test update; no local implementation change.,src/workerd/api/tests/opennextjs/README.md;src/workerd/api/tests/opennextjs/opennext-ssr-test.js;src/workerd/api/tests/opennextjs/opennext-ssr-test.wd-test
3a1aba72bdb2baa351b068632c11bb9bc6091b7b,999ef4b9f701831c6498d79d8045010cb008aa90,Add jsg::Lenient based on Rust jsg::Nullable,"Native JSG/V8/Rust/KJ implementation, build or tests: ownership, GC and event-loop substrate is host-owned.",src/rust/jsg-macros/lib.rs;src/rust/jsg-macros/resource.rs;src/rust/jsg-test/tests/eval.rs;src/rust/jsg-test/tests/resource_callback.rs;src/rust/jsg/README.md;src/rust/jsg/lenient.rs;src/rust/jsg/lib.rs;src/rust/jsg/resource.rs;src/rust/jsg/v8.rs;src/rust/jsg/wrappable.rs
999ef4b9f701831c6498d79d8045010cb008aa90,561bea4ba37989258820511c2dd0c6a205f34d74 644fa668526b6aceb93bdca49a7ae6df2813381e,Merge pull request #7317 from cloudflare/harris/2026-09-11-tokio-minimal-prerequisites,Merge topology: component commits are indexed separately; final endpoint diff reviewed.,
644fa668526b6aceb93bdca49a7ae6df2813381e,561bea4ba37989258820511c2dd0c6a205f34d74,[nfc] Keep kj-rs off the OS event loop,"Native JSG/V8/Rust/KJ implementation, build or tests: ownership, GC and event-loop substrate is host-owned.",src/rust/cxx/kj-rs/BUILD.bazel
561bea4ba37989258820511c2dd0c6a205f34d74,925464ba9fe5751e4468626ce77f7a5810df274f 1fc2f393e9c6f92114ff665453fbca57439cc199,Merge pull request #7261 from cloudflare/rcorreia/WOR-1435/workflows-subscribe-types,Merge topology: component commits are indexed separately; final endpoint diff reviewed.,
925464ba9fe5751e4468626ce77f7a5810df274f,6a5e11bb0918cbdb9d8a9afe61f651cffa255294,Release 2026-09-11,Release metadata: oracle/types pinned at final release; compatibility date not advanced.,src/workerd/io/maximum-compatibility-date.txt;src/workerd/io/release-version.txt
de1c21ac95cec3403bd4ffdb116e9da4bef36a14,5f2bdd8bffe4cdfdc83c7ad3fd3720940bc8eeaf,Add clang-tidy check for stream creation,Host streams/compression implementation or tests: native WHATWG streams/Capn Web supply local substrate; no KJ pump port.,.clang-tidy;build/AGENTS.md;src/workerd/api/AGENTS.md;src/workerd/api/js-readable-stream.c++;src/workerd/api/js-writable-stream-test.c++;src/workerd/api/streams-test.c++;src/workerd/api/streams/AGENTS.md;src/workerd/api/streams/compression.c++;src/workerd/api/streams/draining-read-uaf-test.c++;src/workerd/api/streams/identity-transform-stream.c++;src/workerd/api/streams/internal-test.c++;src/workerd/api/streams/internal.c++;src/workerd/api/streams/readable.c++;src/workerd/api/streams/standard-test.c++;src/workerd/api/streams/standard.c++;src/workerd/api/streams/writable.c++;tools/clang-tidy/BUILD.bazel;tools/clang-tidy/legacy-stream-alloc-negative-test.c++;tools/clang-tidy/legacy-stream-alloc-positive-test.c++;tools/clang-tidy/legacy-stream-alloc-test.sh;tools/clang-tidy/legacy-stream-alloc.c++;tools/clang-tidy/legacy-stream-alloc.h;tools/clang-tidy/workerd-lint.c++
6a5e11bb0918cbdb9d8a9afe61f651cffa255294,f51abb75d256e6ab3063bdd4b588358de1ca2a37 e23e55dab16e8b9fb20bdedd992b99255df0ccdf,Merge pull request #7293 from cloudflare/hoodmane/patch-workers-waitUntil,Merge topology: component commits are indexed separately; final endpoint diff reviewed.,
e23e55dab16e8b9fb20bdedd992b99255df0ccdf,9fa7dd59a6673dd014741531b9a226047b46740d,Python: Make sure that `waitUntil()` releases a rejected future,"Host Python interpreter/packages/tests: execution belongs to isolate channel, not local Worker Loader.",src/pyodide/python-entrypoint-helper.ts
9fa7dd59a6673dd014741531b9a226047b46740d,ffdd405ef41249721121cb45d742bb78650571d8,Python: Patch `workers.wait_until` as well as `ctx.waitUntil`,"Host Python interpreter/packages/tests: execution belongs to isolate channel, not local Worker Loader.",src/pyodide/python-entrypoint-helper.ts;src/workerd/server/tests/python/python-rpc/worker.py
f51abb75d256e6ab3063bdd4b588358de1ca2a37,5f2bdd8bffe4cdfdc83c7ad3fd3720940bc8eeaf,node:net: add net.BoundSocket (#7299),Host Node compatibility implementation/tests: runtime does not port node modules; browser AsyncResource exception screened separately.,src/cloudflare/internal/http.ts;src/cloudflare/node.ts;src/node/internal/http.d.ts;src/node/internal/internal_errors.ts;src/node/internal/internal_http_server.ts;src/node/internal/internal_net.ts;src/node/net.ts;src/workerd/api/node/tests/http-server-nodejs-test.js;src/workerd/api/node/tests/http-server-nodejs-test.wd-test;src/workerd/api/node/tests/net-nodejs-test.js
5f2bdd8bffe4cdfdc83c7ad3fd3720940bc8eeaf,4e2f4cf7ecf3b42c938d0e8e97a616c82f019ab2 d6c6416f0ff7a1c8064bd5beed24d6efd1eca450,Merge pull request #7297 from cloudflare/maizatskyi/2026-09-09-identity-transformer-stream,Merge topology: component commits are indexed separately; final endpoint diff reviewed.,
d6c6416f0ff7a1c8064bd5beed24d6efd1eca450,4e2f4cf7ecf3b42c938d0e8e97a616c82f019ab2,fix identity transform stream resolve/state change order,Host streams/compression implementation or tests: native WHATWG streams/Capn Web supply local substrate; no KJ pump port.,src/tests/streams/identity/AGENTS.md;src/tests/streams/identity/cancel-propagation.js;src/tests/streams/identity/main.js;src/workerd/api/streams/identity-transform-stream.c++;src/workerd/api/streams/internal-test.c++
1e91b8264cd93a41b3cc694d8c24090f9a9aa6a5,4e2f4cf7ecf3b42c938d0e8e97a616c82f019ab2,[nfc] Make skill reference links portable,"Build, dependency, release tooling or documentation: no local runtime behavior port.",.opencode/skills/kj-style/SKILL.md;.opencode/skills/rust-review/SKILL.md;.opencode/skills/ts-style/SKILL.md;.opencode/skills/update-v8/SKILL.md;.opencode/skills/wd-test-format/SKILL.md;.opencode/skills/workerd-api-review/SKILL.md;.opencode/skills/workerd-safety-review/SKILL.md
4e2f4cf7ecf3b42c938d0e8e97a616c82f019ab2,94e65452649f6772fe5e79dc7cf6fa3d26f3decc 6d4fd6939ca917be160a10ef0e4c2d53bb9828f1,Merge pull request #7266 from cloudflare/apeacock/actor-call-retry-state,Merge topology: component commits are indexed separately; final endpoint diff reviewed.,
6d4fd6939ca917be160a10ef0e4c2d53bb9828f1,14dc9fcc825aae97b05527c7f0380b82c2751d08,Use shared retry state for actor fetches,"Distributed actor retries: replay eligibility, claims, deduplication, budgets, observers or backoff require absent service protocol.",src/workerd/api/BUILD.bazel;src/workerd/api/actor-call-retry-test.c++;src/workerd/api/actor-call-retry.c++;src/workerd/api/actor-call-retry.h;src/workerd/api/actor-fetch-retry-test.c++;src/workerd/api/actor.c++;src/workerd/api/actor.h;src/workerd/api/http.c++;src/workerd/api/http.h
14dc9fcc825aae97b05527c7f0380b82c2751d08,94e65452649f6772fe5e79dc7cf6fa3d26f3decc,Add shared actor call retry state,"Distributed actor retries: replay eligibility, claims, deduplication, budgets, observers or backoff require absent service protocol.",src/workerd/api/BUILD.bazel;src/workerd/api/actor-call-retry-test.c++;src/workerd/api/actor-call-retry.c++;src/workerd/api/actor-call-retry.h;src/workerd/io/BUILD.bazel;src/workerd/io/observer-test.c++;src/workerd/io/observer.c++;src/workerd/io/observer.h
9038845f2bb7b8d88fdd8abbca40433ea7fae91c,94e65452649f6772fe5e79dc7cf6fa3d26f3decc,Bump next from 16.2.12 to 16.3.3,Upstream OpenNext test dependency bump; unrelated to local dependency graph.,pnpm-lock.yaml;src/workerd/api/tests/opennextjs/src/package.json
94e65452649f6772fe5e79dc7cf6fa3d26f3decc,ffdd405ef41249721121cb45d742bb78650571d8 1735073ee5bd914c2d41d6250715a4f8b7c1e7ea,Merge pull request #7283 from cloudflare/gyeongjae/entropy-error-message,Merge topology: component commits are indexed separately; final endpoint diff reviewed.,
1735073ee5bd914c2d41d6250715a4f8b7c1e7ea,ffdd405ef41249721121cb45d742bb78650571d8,Improve error message when top-level randomness is used in Python workers,"Host Python interpreter/packages/tests: execution belongs to isolate channel, not local Worker Loader.",build/deps/pyodide.MODULE.bazel;build/python_metadata.bzl;src/pyodide/internal/topLevelEntropy/allow_entropy.py;src/pyodide/internal/topLevelEntropy/import_patch_manager.py;src/workerd/server/tests/python/BUILD.bazel;src/workerd/server/tests/python/random/worker.py;src/workerd/server/tests/python/top-level-entropy/top-level-entropy.wd-test;src/workerd/server/tests/python/top-level-entropy/worker.py
ffdd405ef41249721121cb45d742bb78650571d8,39270348f4a3c556a6ff599435073ab8606f93cf,Move actor-call detail IDs from jsg/util.h to jsg/exception.h,"Distributed actor retries: replay eligibility, claims, deduplication, budgets, observers or backoff require absent service protocol.",src/workerd/jsg/exception.h;src/workerd/jsg/util.h
39270348f4a3c556a6ff599435073ab8606f93cf,638d0eb9c835ded45f171f662ae8e82a575c3ab7,Drop the jsg/memory.h dependency from io/trace.h,Native observability/lifetime or tests: local public no-op tracing handled separately; no observer delivery backend.,src/workerd/api/trace.h;src/workerd/io/BUILD.bazel;src/workerd/io/trace.h
638d0eb9c835ded45f171f662ae8e82a575c3ab7,4e43e480e5c4066f5e0e297dff34eb0d17625e8f,Release 2026-09-10,Release metadata: oracle/types pinned at final release; compatibility date not advanced.,src/workerd/io/maximum-compatibility-date.txt;src/workerd/io/release-version.txt
4e43e480e5c4066f5e0e297dff34eb0d17625e8f,bbdc3f580d6a8547dc2052c8e51ec437c83f46a5 52d111cbea64dc72d95cb0ca590ad0b42691e2b0,Merge pull request #7183 from cloudflare/jasnell/streams-ts-defects,Merge topology: component commits are indexed separately; final endpoint diff reviewed.,
52d111cbea64dc72d95cb0ca590ad0b42691e2b0,91e727daa3ca836867c57c091b5e19fdbcad1f81,Describe stream contracts in comments instead of recording decision dates,Host streams/compression implementation or tests: native WHATWG streams/Capn Web supply local substrate; no KJ pump port.,src/per_isolate/webstreams/native.ts;src/tests/streams/identity/AGENTS.md;src/tests/streams/identity/chunk-types.js;src/tests/streams/r2-patterns/AGENTS.md;src/tests/streams/r2-patterns/r2-consumption.js;src/tests/streams/readable-byte/read-min.js;src/tests/streams/writable/write-semantics.js
91e727daa3ca836867c57c091b5e19fdbcad1f81,c89e39586c851913bff8f24edbd1c73fad0acf2f,Correct the spec reading for close() below a read minimum,Host streams/compression implementation or tests: native WHATWG streams/Capn Web supply local substrate; no KJ pump port.,src/tests/streams/readable-byte/AGENTS.md;src/tests/streams/readable-byte/read-min.js
c89e39586c851913bff8f24edbd1c73fad0acf2f,c012bcdcf5f93a417ec2609c8fa17849ccb1725f,Factor the in-flight write completion bookkeeping into a helper,Host streams/compression implementation or tests: native WHATWG streams/Capn Web supply local substrate; no KJ pump port.,src/per_isolate/webstreams/writable.ts
c012bcdcf5f93a417ec2609c8fa17849ccb1725f,0c50c757204594dc904763a69eac42bb7ce94063,Make CompressionStream reject shared memory and error both sides on invalid chunks,Host streams/compression implementation or tests: native WHATWG streams/Capn Web supply local substrate; no KJ pump port.,src/per_isolate/webstreams/compression.ts;src/per_isolate/webstreams/writable.ts;src/tests/streams/compression/AGENTS.md;src/tests/streams/compression/chunk-types.js;src/tests/streams/compression/main.js;src/tests/streams/piping/AGENTS.md;src/tests/streams/piping/special-buffers.js;src/wpt/compression-test-ts.ts
0c50c757204594dc904763a69eac42bb7ce94063,b15e8b6615e6f5954c5302b190ebae10369fa3fe,Transfer the BYOB buffer at end-of-data settlement instead of copying it,Host streams/compression implementation or tests: native WHATWG streams/Capn Web supply local substrate; no KJ pump port.,src/per_isolate/webstreams/queue.ts;src/per_isolate/webstreams/readable.ts;src/tests/streams/readable-byte/AGENTS.md;src/tests/streams/readable-byte/controller.js;src/tests/streams/readable-byte/main.js;src/tests/streams/readable-byte/respond.js
bbdc3f580d6a8547dc2052c8e51ec437c83f46a5,a42a33b0d43d80b9554d3f9d7f04c153d6b0c45f f46d7a611b5e924b99d17ee539c53914f3827fa5,Merge pull request #7294 from cloudflare/maizatskyi/2026-09-04-rust-tsan,Merge topology: component commits are indexed separately; final endpoint diff reviewed.,
f46d7a611b5e924b99d17ee539c53914f3827fa5,a42a33b0d43d80b9554d3f9d7f04c153d6b0c45f,[tsan] run all tests under tsan,Separate Workflows service/types: no local engine; ambient contract comes from updated Workers types.,.github/workflows/test.yml;build/kj_test.bzl;build/linking.bzl;build/wd_cc_benchmark.bzl;build/wd_rust_crate.bzl;src/rust/cxx/kj-rs/BUILD.bazel;src/rust/cxx/kj-rs/tests/BUILD.bazel;src/rust/gen-compile-cache/BUILD.bazel;src/rust/kj/BUILD.bazel
a42a33b0d43d80b9554d3f9d7f04c153d6b0c45f,59596a0f6b6aa213d5525d755966af853c87ff56 6c49d6fb40c2a422ab1d530719070139ff2dd90e,Merge pull request #7280 from cloudflare/maizatskyi/2026-09-04-rust-tsan,Merge topology: component commits are indexed separately; final endpoint diff reviewed.,
6c49d6fb40c2a422ab1d530719070139ff2dd90e,59596a0f6b6aa213d5525d755966af853c87ff56,[tsan] fix rust std/tsan compatibility,Separate Workflows service/types: no local engine; ambient contract comes from updated Workers types.,.bazelrc;.github/workflows/test.yml;build/BUILD.libunwind;build/BUILD.llvm-runtimes;build/ci.bazelrc;build/deps/build_deps.jsonc;build/deps/gen/build_deps.MODULE.bazel;build/kj_test.bzl;build/rust/build_std.bzl;build/rust/build_std.sh;build/wd_rust_test.bzl;patches/rust/0001-teach-tsan-about-fcntl-file-descriptor-duplication.patch;patches/rust/BUILD.bazel;src/rust/tsan/BUILD.bazel;src/rust/tsan/clone_fd.rs;src/rust/tsan/tokio_test.rs
59596a0f6b6aa213d5525d755966af853c87ff56,c14fef28a43e365ebffdf02751ff66f8c4c56c73 45f682d5bae7cd6b0298b5db38e2c221f11b1544,Merge pull request #7289 from cloudflare/maizatskyi/2026-09-09-wd_rules,Merge topology: component commits are indexed separately; final endpoint diff reviewed.,
b15e8b6615e6f5954c5302b190ebae10369fa3fe,597f2169ac20e1cf1ae50ddf628bab4d07c2e876,Correctly handle delayed respond(0) in byob reads,Host streams/compression implementation or tests: native WHATWG streams/Capn Web supply local substrate; no KJ pump port.,src/per_isolate/webstreams/native.ts;src/per_isolate/webstreams/queue.ts;src/tests/streams/r2-patterns/AGENTS.md;src/tests/streams/readable-byte/AGENTS.md;src/tests/streams/readable-byte/controller.js;src/tests/streams/readable-byte/main.js;src/tests/streams/readable-byte/read-min.js;src/tests/streams/readable-byte/respond.js
c14fef28a43e365ebffdf02751ff66f8c4c56c73,58cacf10055c7b056238c3252e11ee52dc7d613b d8b5cacc599c7323baef800ad3f0506c8ee0e916,Merge pull request #7287 from cloudflare/pkhanna/fix-error-logging,Merge topology: component commits are indexed separately; final endpoint diff reviewed.,
597f2169ac20e1cf1ae50ddf628bab4d07c2e876,0d682925e80bc77db16c866c727d66678149dfae,Piping suite: pin the settled post-pipe lock state deterministically,Host streams/compression implementation or tests: native WHATWG streams/Capn Web supply local substrate; no KJ pump port.,src/tests/streams/piping/AGENTS.md;src/tests/streams/piping/pipe-matrix.js
0d682925e80bc77db16c866c727d66678149dfae,aa3f1901fde674611c26593165ad0d8422aea971,Honor the TransformStream expectedLength extension in the TS implementation,Host streams/compression implementation or tests: native WHATWG streams/Capn Web supply local substrate; no KJ pump port.,src/per_isolate/webstreams/readable.ts;src/per_isolate/webstreams/transform.ts;src/tests/streams/transform/AGENTS.md;src/tests/streams/transform/roundtrip.js
aa3f1901fde674611c26593165ad0d8422aea971,cea6007faa3e76924af27815d17ba08ded2f4712,Reject invalid transform chunks per-write; accept SAB compression chunks,Host streams/compression implementation or tests: native WHATWG streams/Capn Web supply local substrate; no KJ pump port.,src/per_isolate/webstreams/compression.ts;src/per_isolate/webstreams/identity.ts;src/per_isolate/webstreams/readable.ts;src/per_isolate/webstreams/writable.ts;src/tests/streams/compression/AGENTS.md;src/tests/streams/compression/chunk-types.js;src/tests/streams/compression/main.js;src/tests/streams/identity/AGENTS.md;src/tests/streams/identity/buffer-lifecycle.js;src/tests/streams/identity/chunk-types.js;src/tests/streams/piping/AGENTS.md;src/tests/streams/piping/pipe-matrix.js;src/tests/streams/piping/special-buffers.js;src/wpt/compression-test-ts.ts
cea6007faa3e76924af27815d17ba08ded2f4712,7c697050622ffc9d80a3f223bbd8a25c84343bf2,Piping suite: correct the closed-source-to-closed-dest pin's spec reading,Host streams/compression implementation or tests: native WHATWG streams/Capn Web supply local substrate; no KJ pump port.,src/tests/streams/piping/AGENTS.md;src/tests/streams/piping/interop.js
7c697050622ffc9d80a3f223bbd8a25c84343bf2,5480110bd4c4c4af978047e634793e7e6edb4990,Readable-byte suite: correct the relock respond-overflow pin's spec reading,Host streams/compression implementation or tests: native WHATWG streams/Capn Web supply local substrate; no KJ pump port.,src/tests/streams/readable-byte/AGENTS.md;src/tests/streams/readable-byte/release-relock.js
5480110bd4c4c4af978047e634793e7e6edb4990,518caabc2e38d4db6505b2e7889e04d2b33b0346,Writable suite: reclassify the queued-write-at-release pin as a C++ deviation,Host streams/compression implementation or tests: native WHATWG streams/Capn Web supply local substrate; no KJ pump port.,src/tests/streams/writable/AGENTS.md;src/tests/streams/writable/write-semantics.js
518caabc2e38d4db6505b2e7889e04d2b33b0346,6b1f619fb83cce42a3d8f05d3aeaa1d43f9ab1a0,Synthesize the auto-allocate byobRequest for draining-reader wait-reads,Host streams/compression implementation or tests: native WHATWG streams/Capn Web supply local substrate; no KJ pump port.,src/per_isolate/webstreams/readable.ts;src/tests/streams/readable-byte/AGENTS.md;src/tests/streams/readable-byte/draining-reader.js;src/tests/streams/readable-byte/respond.js
6b1f619fb83cce42a3d8f05d3aeaa1d43f9ab1a0,382de7a76182ad199373ab2cac90f428110e6a42,Settle parked BYOB reads at end-of-data with the C++-parity tail shape,Host streams/compression implementation or tests: native WHATWG streams/Capn Web supply local substrate; no KJ pump port.,src/per_isolate/webstreams/AGENTS.md;src/per_isolate/webstreams/native.ts;src/per_isolate/webstreams/queue.ts;src/tests/streams/r2-patterns/AGENTS.md;src/tests/streams/r2-patterns/r2-consumption.js;src/tests/streams/readable-byte/AGENTS.md;src/tests/streams/readable-byte/controller.js;src/tests/streams/readable-byte/data-volumes.js;src/tests/streams/readable-byte/read-min.js;src/workerd/api/js-readable-stream.c++;src/workerd/api/tests/ts-webstreams-test.js
382de7a76182ad199373ab2cac90f428110e6a42,58cacf10055c7b056238c3252e11ee52dc7d613b,R2-patterns suite: correct tee sources to the supported null-tolerant pattern,Host streams/compression implementation or tests: native WHATWG streams/Capn Web supply local substrate; no KJ pump port.,src/tests/streams/r2-patterns/AGENTS.md;src/tests/streams/r2-patterns/r2-consumption.js
45f682d5bae7cd6b0298b5db38e2c221f11b1544,58cacf10055c7b056238c3252e11ee52dc7d613b,cleanup: migrating cxx to wd_ rules,"Native JSG/V8/Rust/KJ implementation, build or tests: ownership, GC and event-loop substrate is host-owned.",src/rust/cxx/BUILD.bazel;src/rust/cxx/kj-rs/BUILD.bazel;src/rust/cxx/kj-rs/tests/BUILD.bazel
58cacf10055c7b056238c3252e11ee52dc7d613b,360a40dc3489497bcb23ccd17a3b312b8c1a900a 86693054751463df0cc8c4a0d1177a89d37581d6,Merge pull request #7284 from cloudflare/grpc-for-all,Merge topology: component commits are indexed separately; final endpoint diff reviewed.,
360a40dc3489497bcb23ccd17a3b312b8c1a900a,21ee4d018f48a2a01fc34cbd0f82f92804144787 3e8e74b7db62067e4989245f918110a0b4bec461,Merge pull request #7274 from cloudflare/harris/EW-10964-snapshot-global-scope,Merge topology: component commits are indexed separately; final endpoint diff reviewed.,
21ee4d018f48a2a01fc34cbd0f82f92804144787,5978b262b1037eb041067326618eb8186d657773 02552e4e92e1118d1cb7a068200ece344aa862b3,Merge pull request #7182 from cloudflare/jasnell/streams-test-consolidation-11,Merge topology: component commits are indexed separately; final endpoint diff reviewed.,
86693054751463df0cc8c4a0d1177a89d37581d6,5978b262b1037eb041067326618eb8186d657773,Remove experimental tag from auto_grpc_convert,Separate host feature: auto_grpc_convert flag loses experimental requirement; no local gRPC proxy.,src/workerd/io/compatibility-date.capnp
d8b5cacc599c7323baef800ad3f0506c8ee0e916,7a46b190e3f40d087c6358d9e24e783ba442587c,fix(web-socket): only log internal errors in abort task,Native WebSocket abort logging: only internal exceptions; public frame/close behavior unchanged.,src/workerd/api/web-socket.c++
5978b262b1037eb041067326618eb8186d657773,2d632fe76c03e2a98a4556d8d8ac4c11cc9e9cf6 cb79223493e49e10226f7f8320922fd4b10736dc,Merge pull request #7285 from cloudflare/ketan/upstream-patches,Merge topology: component commits are indexed separately; final endpoint diff reviewed.,
cb79223493e49e10226f7f8320922fd4b10736dc,d9e597e347f0c835a23241de9600e0655c00ce4d,fix(kj-rs): cancel cross-thread promise in ArcWakerPromiseNode::destroy,"Native JSG/V8/Rust/KJ implementation, build or tests: ownership, GC and event-loop substrate is host-owned.",src/rust/cxx/kj-rs/tests/awaitables-cc-test.c++;src/rust/cxx/kj-rs/tests/lib.rs;src/rust/cxx/kj-rs/tests/test_futures.rs;src/rust/cxx/kj-rs/waker.c++
d9e597e347f0c835a23241de9600e0655c00ce4d,ea2f6d1fae8deba6bc9d536d9ae0c78316515977,VULN-142648: Remove handled rejection before callback,Security screened: native V8 rejection-handler reentry lifetime; no local warnedRejections table or V8 hook.,src/workerd/api/tests/BUILD.bazel;src/workerd/api/tests/unhandled-rejection-reentry-test.js;src/workerd/api/tests/unhandled-rejection-reentry-test.wd-test;src/workerd/jsg/promise.c++
ea2f6d1fae8deba6bc9d536d9ae0c78316515977,66b794d363157eaebd4e81392b8dd817abc57ba3,VULN-144193: Reject encrypted DER private key exports,Security screened: workerd Node crypto DER encryption validation; local crypto implementation belongs to host.,src/node/internal/crypto_keys.ts;src/workerd/api/node/tests/BUILD.bazel;src/workerd/api/node/tests/crypto_private-key-der-encryption-test.js;src/workerd/api/node/tests/crypto_private-key-der-encryption-test.wd-test
66b794d363157eaebd4e81392b8dd817abc57ba3,2d632fe76c03e2a98a4556d8d8ac4c11cc9e9cf6,VULN-146189: Bind AsyncResource frames to request context,Security screened: AsyncResource creation-context validation; local browser AsyncResource already throws unsupported.,src/workerd/api/node/async-hooks.c++;src/workerd/api/node/async-hooks.h;src/workerd/api/node/tests/BUILD.bazel;src/workerd/api/node/tests/async-resource-request-context-test.js;src/workerd/api/node/tests/async-resource-request-context-test.wd-test
2d632fe76c03e2a98a4556d8d8ac4c11cc9e9cf6,7ddb3a267e7a795ac7ebb9723176f89c9ebf2a59,Update capnp-cpp to v2 head (851c45b),"Build, dependency, release tooling or documentation: no local runtime behavior port.",build/deps/gen/deps.MODULE.bazel
7ddb3a267e7a795ac7ebb9723176f89c9ebf2a59,9ff67695471e5dee7a60d19e030c0e56bf9576f0 c240f0e7b8d231ea54cca117d426559dfb34b370,Merge pull request #7246 from cloudflare/jolio/move-sqlite-cftsdt,Merge topology: component commits are indexed separately; final endpoint diff reviewed.,
9ff67695471e5dee7a60d19e030c0e56bf9576f0,590f9f99475ef34fb4902a36d868e261709f7366,Release 2026-09-09,Release metadata: oracle/types pinned at final release; compatibility date not advanced.,src/workerd/io/maximum-compatibility-date.txt;src/workerd/io/release-version.txt
590f9f99475ef34fb4902a36d868e261709f7366,f051f110f8195e0ed475b8838356b8df8109a4a0 89851b51716106516f982e9044f064d1459142b4,Merge pull request #7262 from cloudflare/apeacock/outgoing-actor-retry-telemetry,Merge topology: component commits are indexed separately; final endpoint diff reviewed.,
89851b51716106516f982e9044f064d1459142b4,595b88d43ed15248123922fc6d2ac17d0bce2471,Distinguish canceled actor fetch retries,"Distributed actor retries: replay eligibility, claims, deduplication, budgets, observers or backoff require absent service protocol.",src/workerd/api/actor-fetch-retry-test.c++;src/workerd/api/http.c++;src/workerd/io/observer.h
595b88d43ed15248123922fc6d2ac17d0bce2471,f051f110f8195e0ed475b8838356b8df8109a4a0,Report actor fetch retry outcomes and latency,"Distributed actor retries: replay eligibility, claims, deduplication, budgets, observers or backoff require absent service protocol.",src/workerd/api/actor-fetch-retry-test.c++;src/workerd/api/http.c++;src/workerd/io/observer.h
f051f110f8195e0ed475b8838356b8df8109a4a0,223f09e3fbcb129d2129754e2861ecd0e4cba000 8b12a37f4bc564ce4f266817aaa7b21d3921c7f4,Merge pull request #7253 from cloudflare/maizatskyi/2026-09-04-tsan-libcxx,Merge topology: component commits are indexed separately; final endpoint diff reviewed.,
223f09e3fbcb129d2129754e2861ecd0e4cba000,cee5aefa1f5604ca4d19d5e8e2e92e102ac1e767,[build] Fix clang-tidy 23 violations,Native build/tooling/refactor or KJ ownership primitive: no additional local public behavior.,src/workerd/io/legacy-hibernation-manager.c++;src/workerd/io/worker.c++
cee5aefa1f5604ca4d19d5e8e2e92e102ac1e767,8bfef8f421b2727c444e9c45d70179c6fa05410e,[build] Fix clang 23 warnings,"Native JSG/V8/Rust/KJ implementation, build or tests: ownership, GC and event-loop substrate is host-owned.",src/workerd/api/pyodide/pyodide-test.c++;src/workerd/api/rtti.c++;src/workerd/io/worker-modules.h;src/workerd/jsg/iterator.h;src/workerd/jsg/jsg.h;src/workerd/jsg/modules.h;src/workerd/tests/test-fixture.c++
02552e4e92e1118d1cb7a068200ece344aa862b3,5fdfa647297fd02bbd7224739a6d1af21dfd8d21,Address more streams test review comments,Host streams/compression implementation or tests: native WHATWG streams/Capn Web supply local substrate; no KJ pump port.,src/tests/streams/AGENTS.md;src/tests/streams/readable-byte/AGENTS.md;src/tests/streams/readable-byte/byob-reader.js;src/tests/streams/readable-byte/controller.js;src/tests/streams/readable/AGENTS.md;src/tests/streams/transform/AGENTS.md;src/tests/streams/writable/AGENTS.md;src/tests/streams/writable/abort-matrix.js;src/tests/streams/writable/abort-semantics.js;src/tests/streams/writable/main.js
5fdfa647297fd02bbd7224739a6d1af21dfd8d21,d0a82d036dad85dbbed61ae9779f166115060afe,Address review comments in stream tests,Host streams/compression implementation or tests: native WHATWG streams/Capn Web supply local substrate; no KJ pump port.,src/tests/streams/piping/error-propagation.js;src/tests/streams/writable/abort-semantics.js
d0a82d036dad85dbbed61ae9779f166115060afe,e00de4376450d8ceb5dc889a482577f4d186d675,Readable-byte suite: per-test map of the WPT general.any.js failures,Host streams/compression implementation or tests: native WHATWG streams/Capn Web supply local substrate; no KJ pump port.,src/tests/streams/readable-byte/AGENTS.md;src/tests/streams/readable-byte/byob-reader.js;src/tests/streams/readable-byte/controller.js;src/tests/streams/readable-byte/main.js
e00de4376450d8ceb5dc889a482577f4d186d675,85bf30b28755cbc1f04cd06e4600cccc5e158db1,Piping and writable suites: WPT abort-state and settlement-order residue,Host streams/compression implementation or tests: native WHATWG streams/Capn Web supply local substrate; no KJ pump port.,src/tests/streams/piping/error-propagation.js;src/tests/streams/piping/main.js;src/tests/streams/writable/abort-semantics.js;src/tests/streams/writable/main.js
85bf30b28755cbc1f04cd06e4600cccc5e158db1,8bfef8f421b2727c444e9c45d70179c6fa05410e,Streams suites: note the IDL-shape enforcement boundary (WPT idlharness owns it),Host streams/compression implementation or tests: native WHATWG streams/Capn Web supply local substrate; no KJ pump port.,src/tests/streams/readable-byte/AGENTS.md;src/tests/streams/readable/AGENTS.md;src/tests/streams/transform/AGENTS.md;src/tests/streams/writable/AGENTS.md
8bfef8f421b2727c444e9c45d70179c6fa05410e,e6cdecfd9923b6ae4e9dc0af7e8962017bc7206b 620e9071471d4a7bb6adfd820005936ddd6ca09f,Merge pull request #7181 from cloudflare/jasnell/streams-test-consolidation-10,Merge topology: component commits are indexed separately; final endpoint diff reviewed.,
e6cdecfd9923b6ae4e9dc0af7e8962017bc7206b,8b5ea4a1a2d14f16e33d5e2c0d572c84d87bcb3f b4ee17837951212b5601be6f9f7944a93c05b4d3,Merge pull request #7212 from cloudflare/felix/090126-fix-stw-report,Merge topology: component commits are indexed separately; final endpoint diff reviewed.,
8b5ea4a1a2d14f16e33d5e2c0d572c84d87bcb3f,59ce3fa9cea761af11b28e71e702a4571deab631,Regenerate Workers types snapshots,Ambient/service type contract or tests: supplied by updated Workers types; no matching local service implementation.,types/generated-snapshot/experimental/index.d.ts;types/generated-snapshot/experimental/index.ts;types/generated-snapshot/index.d.ts;types/generated-snapshot/index.ts
59ce3fa9cea761af11b28e71e702a4571deab631,d3c7030661a22249ab1178039c4b65ea3f01233b,Add Workers cf.originRangeRequests types,Ambient/service type contract or tests: supplied by updated Workers types; no matching local service implementation.,src/workerd/api/tests/cf-cache-control-test.js;types/defines/cf.d.ts;types/test/types/cf.ts
b4ee17837951212b5601be6f9f7944a93c05b4d3,d3c7030661a22249ab1178039c4b65ea3f01233b,[o11y] Make BaseTracer::markUnused() virtual,Native observability/lifetime or tests: local public no-op tracing handled separately; no observer delivery backend.,src/workerd/io/tracer.c++;src/workerd/io/tracer.h
8b12a37f4bc564ce4f266817aaa7b21d3921c7f4,6637171a4dd18a15f25f2f5ee74c5709f092efd7,[tsan] build libc++,Separate Workflows service/types: no local engine; ambient contract comes from updated Workers types.,.bazelrc;.github/workflows/test.yml;build/BUILD.libunwind;build/BUILD.llvm-runtimes;build/deps/BUILD;build/deps/build_deps.jsonc;build/deps/deps.schema.json;build/deps/gen/build_deps.MODULE.bazel;build/deps/update-deps.py;build/kj_test.bzl;build/platforms/BUILD.bazel;build/rust/BUILD.bazel;build/rust/build_std.sh;build/wd_cc_binary.bzl;build/wd_rust_crate.bzl;build/wd_rust_test.bzl;src/rust/cxx/kj-rs/tests/BUILD.bazel;src/rust/cxx/tests/BUILD.bazel;src/rust/tsan-test/BUILD.bazel;src/rust/tsan-test/verify.sh;src/rust/tsan/BUILD.bazel;src/rust/tsan/race.rs;src/workerd/tests/tsan/BUILD.bazel;src/workerd/tests/tsan/libcxx-tsan-test.c++
620e9071471d4a7bb6adfd820005936ddd6ca09f,d3c7030661a22249ab1178039c4b65ea3f01233b,Piping suite: absorb special-buffer pipe writes,Host streams/compression implementation or tests: native WHATWG streams/Capn Web supply local substrate; no KJ pump port.,src/tests/streams/AGENTS.md;src/tests/streams/piping/AGENTS.md;src/tests/streams/piping/main.js;src/tests/streams/piping/piping-modules.capnp;src/tests/streams/piping/special-buffers.js;src/workerd/api/tests/BUILD.bazel;src/workerd/api/tests/pipe-write-special-buffer-test.js;src/workerd/api/tests/pipe-write-special-buffer-test.wd-test
d3c7030661a22249ab1178039c4b65ea3f01233b,6637171a4dd18a15f25f2f5ee74c5709f092efd7 31c33a2b560266cb1c4bf8533b6802d54f842b7e,Merge pull request #7180 from cloudflare/jasnell/streams-test-consolidation-9,Merge topology: component commits are indexed separately; final endpoint diff reviewed.,
31c33a2b560266cb1c4bf8533b6802d54f842b7e,c4ca7e95067f6399258bd99fc48feba1d94432f1,Exercise cancelation of a live read in socket tests,Host streams/compression implementation or tests: native WHATWG streams/Capn Web supply local substrate; no KJ pump port.,src/tests/streams/sockets/AGENTS.md;src/tests/streams/sockets/socket-streams.js
c4ca7e95067f6399258bd99fc48feba1d94432f1,6637171a4dd18a15f25f2f5ee74c5709f092efd7,Add sockets streams suite,Host streams/compression implementation or tests: native WHATWG streams/Capn Web supply local substrate; no KJ pump port.,src/tests/streams/AGENTS.md;src/tests/streams/sockets/AGENTS.md;src/tests/streams/sockets/BUILD.bazel;src/tests/streams/sockets/echo-server.js;src/tests/streams/sockets/main.js;src/tests/streams/sockets/socket-streams.js;src/tests/streams/sockets/sockets-cpp.wd-test;src/tests/streams/sockets/sockets-modules.capnp;src/tests/streams/sockets/sockets-ts.wd-test;src/tests/streams/sockets/which-impl.js
3e8e74b7db62067e4989245f918110a0b4bec461,c3f70be36f3e43bddb9961579e2ff0e8d4e0048a,EW-10965 Document compatibility requirements for API enablement,"Build, dependency, release tooling or documentation: no local runtime behavior port.",AGENTS.md
c3f70be36f3e43bddb9961579e2ff0e8d4e0048a,6637171a4dd18a15f25f2f5ee74c5709f092efd7,EW-10964 Export the compatibility schema for snapshot generation,"Build, dependency, release tooling or documentation: no local runtime behavior port.",src/workerd/io/BUILD.bazel
6637171a4dd18a15f25f2f5ee74c5709f092efd7,414bfe5b98e97e3f4ba07ff779e858a7902b7a53 cd17a53c952aaa11bb310c3a78d9f2757fa0e48e,bazelrc: try-import .local/bazelrc,Merge topology: component commits are indexed separately; final endpoint diff reviewed.,
414bfe5b98e97e3f4ba07ff779e858a7902b7a53,3c46d5fa8e93ab6e6cef86ce017b882f636d9d89 e1b4d5ceb0c4e83958f2b282398f606c38a11cf6,Merge pull request #7278 from cloudflare/ketan/fix-html-fiber,Merge topology: component commits are indexed separately; final endpoint diff reviewed.,
e1b4d5ceb0c4e83958f2b282398f606c38a11cf6,38a710968c726427e51f76ee7bcf57ca707913db,Increase HTMLRewriter fiber stack size under ASan,Native HTMLRewriter fiber stack under ASan; no local HTMLRewriter engine.,src/workerd/api/html-rewriter.c++
3c46d5fa8e93ab6e6cef86ce017b882f636d9d89,5a941fcc17e762cd94255ce9261036e57e3b52bd,update dependencies to latest version,Separate Workflows service/types: no local engine; ambient contract comes from updated Workers types.,.github/workflows/bigbonk.yml;.github/workflows/bonk.yml;.github/workflows/new-pr-review.yml;build/deps/gen/build_deps.MODULE.bazel;build/deps/gen/deps.MODULE.bazel;deps/rust/Cargo.lock
5a941fcc17e762cd94255ce9261036e57e3b52bd,bf0d2ff6d78fef5ddd093572e0238f677e96a0d6 09b42d566b616976cffe6f587ef866acd79f2930,Merge pull request #7189 from cloudflare/mar/v8/15.3,Merge topology: component commits are indexed separately; final endpoint diff reviewed.,
09b42d566b616976cffe6f587ef866acd79f2930,a3368dfe726dbdf779d62d48c7d6468a0ce0a09d,[build] Update to V8 15.3.76.11,"Build, dependency, release tooling or documentation: no local runtime behavior port.",build/deps/v8.MODULE.bazel
a3368dfe726dbdf779d62d48c7d6468a0ce0a09d,d6c577944e49d1fc7aad5a59538efc0e6a95aeba,Make EventSource GC test use precise collection,Native EventSource GC test; local host owns EventSource/GC.,src/workerd/api/tests/eventsource-gc-test.js
d6c577944e49d1fc7aad5a59538efc0e6a95aeba,9027667b084c0bd2b310e09fb7dbd3cf9b18145b,[build] Disable preserve_most on affected Windows Clang,"Build, dependency, release tooling or documentation: no local runtime behavior port.",build/deps/v8.MODULE.bazel;patches/v8/0041-Disable-preserve-most-on-Windows-x64-before-Clang-22.patch
9027667b084c0bd2b310e09fb7dbd3cf9b18145b,bf0d2ff6d78fef5ddd093572e0238f677e96a0d6,[build] Update to V8 15.3.76.7,"Build, dependency, release tooling or documentation: no local runtime behavior port.",build/deps/deps.jsonc;build/deps/gen/deps.MODULE.bazel;build/deps/v8.MODULE.bazel;build/perfetto/perfetto_cfg.bzl;patches/perfetto/0001-Don-t-attempt-to-use-rules_android.patch;patches/perfetto/0002-disable-info-level-logging-re2.patch;patches/v8/0001-Allow-manually-setting-ValueDeserializer-format-vers.patch;patches/v8/0002-Allow-manually-setting-ValueSerializer-format-versio.patch;patches/v8/0003-Allow-Windows-builds-under-Bazel.patch;patches/v8/0005-Speed-up-V8-bazel-build-by-always-using-target-cfg.patch;patches/v8/0006-Implement-Promise-Context-Tagging.patch;patches/v8/0007-Randomize-the-initial-ExecutionContextId-used-by-the.patch;patches/v8/0008-increase-visibility-of-virtual-method.patch;patches/v8/0009-Add-ValueSerializer-SetTreatFunctionsAsHostObjects.patch;patches/v8/0010-Modify-where-to-look-for-fp16-dependency.-This-depen.patch;patches/v8/0011-Revert-heap-Add-masm-specific-unwinding-annotations-.patch;patches/v8/0012-Update-illegal-invocation-error-message-in-v8.patch;patches/v8/0013-Implement-cross-request-context-promise-resolve-hand.patch;patches/v8/0014-Add-another-slot-in-the-isolate-for-embedder.patch;patches/v8/0015-Add-ValueSerializer-SetTreatProxiesAsHostObjects.patch;patches/v8/0017-Enable-V8-shared-linkage.patch;patches/v8/0018-Modify-where-to-look-for-fast_float-and-simdutf.patch;patches/v8/0019-Remove-unneded-latomic-linker-flag.patch;patches/v8/0020-Add-methods-to-get-heap-and-external-memory-sizes-di.patch;patches/v8/0021-Port-concurrent-mksnapshot-support.patch;patches/v8/0022-Port-V8_USE_ZLIB-support.patch;patches/v8/0023-Modify-where-to-look-for-dragonbox.patch;patches/v8/0024-Disable-slow-handle-check.patch;patches/v8/0026-Implement-additional-Exception-construction-methods.patch;patches/v8/0028-bind-icu-to-googlesource.patch;patches/v8/0029-Add-v8-String-IsFlat-API.patch;patches/v8/0030-Expose-AdjustAmountOfExternalAllocatedMemoryImpl-as-.patch;patches/v8/0031-Add-verify_write_barriers-flag-in-V8-s-bazel-config.patch;patches/v8/0032-Change-lamba-signature-to-get-around-windows-build-f.patch;patches/v8/0033-Return-false-on-Object.hasOwnProperty-with-intercept.patch;patches/v8/0035-Remove-libcxx-dep-from-defs.bzl-not-resolvable-via-h.patch;patches/v8/0036-Fix-ExtendedMap-layout-on-Windows.patch;patches/v8/0037-Fix-CFunction-MemorySpan-declarations-on-Windows.patch;patches/v8/0038-Properly-depend-on-llvm-libc.patch;patches/v8/0039-Fix-TSan-build-without-the-V8-sandbox.patch;patches/v8/0040-Enable-Perfetto-support-in-the-V8-Bazel-build.patch
1fc2f393e9c6f92114ff665453fbca57439cc199,bf0d2ff6d78fef5ddd093572e0238f677e96a0d6,Add workflow event subscriptions public type definitions,Separate Workflows service/types: no local engine; ambient contract comes from updated Workers types.,src/cloudflare/internal/workflows.d.ts;types/defines/workflows.d.ts;types/generated-snapshot/experimental/index.d.ts;types/generated-snapshot/experimental/index.ts;types/generated-snapshot/index.d.ts;types/generated-snapshot/index.ts;types/test/types/rpc.ts
bf0d2ff6d78fef5ddd093572e0238f677e96a0d6,37d70e441156306dd20590f439ffa2560b0d1b18 38a710968c726427e51f76ee7bcf57ca707913db,Merge pull request #7137 from cloudflare/apeacock/fix-request-teardown-order,Merge topology: component commits are indexed separately; final endpoint diff reviewed.,
38a710968c726427e51f76ee7bcf57ca707913db,6cd3cd4f6c391d4980d66912a6756183f64f64d9,Gate final request cleanup on JSRPC tracing,"Stateless request teardown rollout gate; endpoint gate later removed by d099c3f21, shared actors remain excluded.",src/workerd/io/BUILD.bazel;src/workerd/io/incoming-request-test.c++;src/workerd/io/io-context.c++
6cd3cd4f6c391d4980d66912a6756183f64f64d9,37d70e441156306dd20590f439ffa2560b0d1b18,Cancel final context work before request outcome,Stateless request teardown/tracing: cancels final work only for non-shared contexts; DO shared context behavior retained.,src/workerd/io/incoming-request-test.c++;src/workerd/io/io-context.c++;src/workerd/io/io-context.h
37d70e441156306dd20590f439ffa2560b0d1b18,bab9c1a274b21c431a5291a8103548b88bd90c2d,Release 2026-09-08,Release metadata: oracle/types pinned at final release; compatibility date not advanced.,src/workerd/io/maximum-compatibility-date.txt;src/workerd/io/release-version.txt
bab9c1a274b21c431a5291a8103548b88bd90c2d,e8a5fc72849cbb80e33ce002ab7ef8423903a40c 316022051a82025f4bbc813f8322acb34b7ff0d2,Merge pull request #7249 from cloudflare/felix/081226-api-shrink-p1,Merge topology: component commits are indexed separately; final endpoint diff reviewed.,
316022051a82025f4bbc813f8322acb34b7ff0d2,757ad3bcd73228f1c4df26633503578f4570c458,[build] JSG: store struct field wrappers in a flat array,"Native JSG/V8/Rust/KJ implementation, build or tests: ownership, GC and event-loop substrate is host-owned.",src/workerd/jsg/struct.h
757ad3bcd73228f1c4df26633503578f4570c458,7726c8e9bdeb8a5c4cbe8f9ef321ac0ec77ad762,"[build] JSG: key struct field wrappers on the field type, not on the field","Native JSG/V8/Rust/KJ implementation, build or tests: ownership, GC and event-loop substrate is host-owned.",src/workerd/jsg/jsg.h;src/workerd/jsg/struct.h;src/workerd/jsg/type-wrapper.h
e8a5fc72849cbb80e33ce002ab7ef8423903a40c,beb7bd5c370d898e5ea81947aaa80ba5f48cd47e 271d97b1558ba8f0c7f22a13019d40e7140e96cf,Merge pull request #7243 from cloudflare/ketan/fix-internal-build-fork,Merge topology: component commits are indexed separately; final endpoint diff reviewed.,
271d97b1558ba8f0c7f22a13019d40e7140e96cf,34c9b79d0f0d7460e2f03737760f4cc8c19ec443,Run internal_build.py from trusted base checkout,Separate Workflows service/types: no local engine; ambient contract comes from updated Workers types.,.github/workflows/internal-build.yml
cd17a53c952aaa11bb310c3a78d9f2757fa0e48e,5967200b706162a6747b4a44e4cc97d949a75a63 fb814ad10ea778820b5e24b82f21edfb8c0f6556,Merge branch 'main' into mikea-patch-5,Merge topology: component commits are indexed separately; final endpoint diff reviewed.,
5967200b706162a6747b4a44e4cc97d949a75a63,dc27e996c4ab8e8849cc6229ae816b3d426f08ef,bazelrc: try-import .local/bazelrc,"Build, dependency, release tooling or documentation: no local runtime behavior port.",.bazelrc
c240f0e7b8d231ea54cca117d426559dfb34b370,6f5cf2e7f47633360cea259b997d0475b4cd93b5,Move Existing SQLite Sentry routing to exception details,Native observability: SQLite Sentry detail routing; no local Sentry sink.,src/workerd/io/BUILD.bazel;src/workerd/io/actor-sqlite-test.c++;src/workerd/util/BUILD.bazel;src/workerd/util/sqlite-test.c++;src/workerd/util/sqlite.c++
34c9b79d0f0d7460e2f03737760f4cc8c19ec443,d3a915bd26157192933f243cc2e079ab4adb3243,Fix internal build for forks of org members,Separate Workflows service/types: no local engine; ambient contract comes from updated Workers types.,.github/workflows/internal-build.yml
